,vector,value,options.bmat,options.n,options.which,options.nev,options.tol,options.ncv,options.ldv,options.ishift,options.maxiter,options.nb,options.mode,options.start,options.sigma,options.sigmai,options.info,options.iter,options.nconv,options.numop,options.numopb,options.numreo
"Beethoven, Ludwig van",1,29.45838801,I,734,LA,1,0,0,0,1,1000,1,1,1,0,0,0,1,1,20,0,11
"Brahms, Johannes",0.886039718,29.45838801,I,734,LA,1,0,0,0,1,1000,1,1,1,0,0,0,1,1,20,0,11
"Tchaikovsky, Peter Ilich",0.876032968,29.45838801,I,734,LA,1,0,0,0,1,1000,1,1,1,0,0,0,1,1,20,0,11
"Mozart, Wolfgang Amadeus",0.828795841,29.45838801,I,734,LA,1,0,0,0,1,1000,1,1,1,0,0,0,1,1,20,0,11
"Dvořák, Antonín",0.78310565,29.45838801,I,734,LA,1,0,0,0,1,1000,1,1,1,0,0,0,1,1,20,0,11
"Rachmaninoff, Sergei",0.612696887,29.45838801,I,734,LA,1,0,0,0,1,1000,1,1,1,0,0,0,1,1,20,0,11
"Mendelssohn, Felix",0.590185268,29.45838801,I,734,LA,1,0,0,0,1,1000,1,1,1,0,0,0,1,1,20,0,11
"Ravel, Maurice",0.573222759,29.45838801,I,734,LA,1,0,0,0,1,1000,1,1,1,0,0,0,1,1,20,0,11
"Shostakovich, Dmitri",0.563509519,29.45838801,I,734,LA,1,0,0,0,1,1000,1,1,1,0,0,0,1,1,20,0,11
San Francisco Symphony,0.550538666,29.45838801,I,734,LA,1,0,0,0,1,1000,1,1,1,0,0,0,1,1,20,0,11
Chicago Symphony Orchestra,0.531306728,29.45838801,I,734,LA,1,0,0,0,1,1000,1,1,1,0,0,0,1,1,20,0,11
St. Louis Symphony,0.527634034,29.45838801,I,734,LA,1,0,0,0,1,1000,1,1,1,0,0,0,1,1,20,0,11
"Stravinsky, Igor",0.52184545,29.45838801,I,734,LA,1,0,0,0,1,1000,1,1,1,0,0,0,1,1,20,0,11
"Sibelius, Jean",0.5209971,29.45838801,I,734,LA,1,0,0,0,1,1000,1,1,1,0,0,0,1,1,20,0,11
New York Philharmonic,0.502377922,29.45838801,I,734,LA,1,0,0,0,1,1000,1,1,1,0,0,0,1,1,20,0,11
Atlanta Symphony Orchestra,0.499025059,29.45838801,I,734,LA,1,0,0,0,1,1000,1,1,1,0,0,0,1,1,20,0,11
"Mahler, Gustav",0.49734755,29.45838801,I,734,LA,1,0,0,0,1,1000,1,1,1,0,0,0,1,1,20,0,11
"Prokofiev, Sergey",0.494266554,29.45838801,I,734,LA,1,0,0,0,1,1000,1,1,1,0,0,0,1,1,20,0,11
"Strauss, Richard",0.481348931,29.45838801,I,734,LA,1,0,0,0,1,1000,1,1,1,0,0,0,1,1,20,0,11
Kansas City Symphony,0.475732513,29.45838801,I,734,LA,1,0,0,0,1,1000,1,1,1,0,0,0,1,1,20,0,11
Milwaukee Symphony Orchestra,0.470053486,29.45838801,I,734,LA,1,0,0,0,1,1000,1,1,1,0,0,0,1,1,20,0,11
"Montgomery, Jessie",0.453508359,29.45838801,I,734,LA,1,0,0,0,1,1000,1,1,1,0,0,0,1,1,20,0,11
Pittsburgh Symphony Orchestra,0.453073586,29.45838801,I,734,LA,1,0,0,0,1,1000,1,1,1,0,0,0,1,1,20,0,11
National Symphony Orchestra,0.446704416,29.45838801,I,734,LA,1,0,0,0,1,1000,1,1,1,0,0,0,1,1,20,0,11
Cleveland Orchestra,0.446546471,29.45838801,I,734,LA,1,0,0,0,1,1000,1,1,1,0,0,0,1,1,20,0,11
Los Angeles Philharmonic,0.439104759,29.45838801,I,734,LA,1,0,0,0,1,1000,1,1,1,0,0,0,1,1,20,0,11
Detroit Symphony Orchestra,0.43572861,29.45838801,I,734,LA,1,0,0,0,1,1000,1,1,1,0,0,0,1,1,20,0,11
Colorado Symphony,0.433331118,29.45838801,I,734,LA,1,0,0,0,1,1000,1,1,1,0,0,0,1,1,20,0,11
Oregon Symphony,0.432719788,29.45838801,I,734,LA,1,0,0,0,1,1000,1,1,1,0,0,0,1,1,20,0,11
"Barber, Samuel",0.42871468,29.45838801,I,734,LA,1,0,0,0,1,1000,1,1,1,0,0,0,1,1,20,0,11
"Copland, Aaron",0.423725858,29.45838801,I,734,LA,1,0,0,0,1,1000,1,1,1,0,0,0,1,1,20,0,11
Minnesota Orchestra,0.420647949,29.45838801,I,734,LA,1,0,0,0,1,1000,1,1,1,0,0,0,1,1,20,0,11
"Schumann, Robert",0.419705005,29.45838801,I,734,LA,1,0,0,0,1,1000,1,1,1,0,0,0,1,1,20,0,11
Dallas Symphony Orchestra,0.411681019,29.45838801,I,734,LA,1,0,0,0,1,1000,1,1,1,0,0,0,1,1,20,0,11
Nashville Symphony,0.409497444,29.45838801,I,734,LA,1,0,0,0,1,1000,1,1,1,0,0,0,1,1,20,0,11
Buffalo Philharmonic Orchestra,0.404593038,29.45838801,I,734,LA,1,0,0,0,1,1000,1,1,1,0,0,0,1,1,20,0,11
Utah Symphony,0.39982328,29.45838801,I,734,LA,1,0,0,0,1,1000,1,1,1,0,0,0,1,1,20,0,11
Tucson Symphony Orchestra,0.399772494,29.45838801,I,734,LA,1,0,0,0,1,1000,1,1,1,0,0,0,1,1,20,0,11
Boston Symphony Orchestra,0.39145956,29.45838801,I,734,LA,1,0,0,0,1,1000,1,1,1,0,0,0,1,1,20,0,11
"Price, Florence",0.388804486,29.45838801,I,734,LA,1,0,0,0,1,1000,1,1,1,0,0,0,1,1,20,0,11
North Carolina Symphony,0.379357084,29.45838801,I,734,LA,1,0,0,0,1,1000,1,1,1,0,0,0,1,1,20,0,11
Rochester Philharmonic Orchestra,0.377654789,29.45838801,I,734,LA,1,0,0,0,1,1000,1,1,1,0,0,0,1,1,20,0,11
San Antonio Symphony,0.371167868,29.45838801,I,734,LA,1,0,0,0,1,1000,1,1,1,0,0,0,1,1,20,0,11
"Debussy, Claude",0.369276103,29.45838801,I,734,LA,1,0,0,0,1,1000,1,1,1,0,0,0,1,1,20,0,11
"Haydn, Franz Joseph",0.368110537,29.45838801,I,734,LA,1,0,0,0,1,1000,1,1,1,0,0,0,1,1,20,0,11
Grant Park,0.364122939,29.45838801,I,734,LA,1,0,0,0,1,1000,1,1,1,0,0,0,1,1,20,0,11
"Gershwin, George",0.349301201,29.45838801,I,734,LA,1,0,0,0,1,1000,1,1,1,0,0,0,1,1,20,0,11
New Jersey Symphony Orchestra,0.341780049,29.45838801,I,734,LA,1,0,0,0,1,1000,1,1,1,0,0,0,1,1,20,0,11
Indianapolis Symphony Orchestra,0.339588482,29.45838801,I,734,LA,1,0,0,0,1,1000,1,1,1,0,0,0,1,1,20,0,11
"Elgar, Edward",0.338697293,29.45838801,I,734,LA,1,0,0,0,1,1000,1,1,1,0,0,0,1,1,20,0,11
Seattle Symphony,0.334125034,29.45838801,I,734,LA,1,0,0,0,1,1000,1,1,1,0,0,0,1,1,20,0,11
St. Paul Chamber Orchestra,0.332311601,29.45838801,I,734,LA,1,0,0,0,1,1000,1,1,1,0,0,0,1,1,20,0,11
Louisiana Philharmonic Orchestra,0.330986972,29.45838801,I,734,LA,1,0,0,0,1,1000,1,1,1,0,0,0,1,1,20,0,11
Charlotte Symphony,0.325259548,29.45838801,I,734,LA,1,0,0,0,1,1000,1,1,1,0,0,0,1,1,20,0,11
Cincinnati Symphony Orchestra,0.321501561,29.45838801,I,734,LA,1,0,0,0,1,1000,1,1,1,0,0,0,1,1,20,0,11
Eugene Symphony,0.319528727,29.45838801,I,734,LA,1,0,0,0,1,1000,1,1,1,0,0,0,1,1,20,0,11
"Rimsky-Korsakov, Nikolay",0.310046566,29.45838801,I,734,LA,1,0,0,0,1,1000,1,1,1,0,0,0,1,1,20,0,11
Memphis Symphony Orchestra,0.305844188,29.45838801,I,734,LA,1,0,0,0,1,1000,1,1,1,0,0,0,1,1,20,0,11
Grand Rapids Symphony,0.303920924,29.45838801,I,734,LA,1,0,0,0,1,1000,1,1,1,0,0,0,1,1,20,0,11
Elgin,0.300042858,29.45838801,I,734,LA,1,0,0,0,1,1000,1,1,1,0,0,0,1,1,20,0,11
"Still, William Grant",0.298128548,29.45838801,I,734,LA,1,0,0,0,1,1000,1,1,1,0,0,0,1,1,20,0,11
"Coleridge-Taylor, Samuel",0.294905437,29.45838801,I,734,LA,1,0,0,0,1,1000,1,1,1,0,0,0,1,1,20,0,11
Charleston Symphony Orchestra,0.291839556,29.45838801,I,734,LA,1,0,0,0,1,1000,1,1,1,0,0,0,1,1,20,0,11
Fort Worth Symphony Orchestra,0.29059372,29.45838801,I,734,LA,1,0,0,0,1,1000,1,1,1,0,0,0,1,1,20,0,11
Pacific Symphony,0.289951983,29.45838801,I,734,LA,1,0,0,0,1,1000,1,1,1,0,0,0,1,1,20,0,11
"Handel, George Frideric",0.286670145,29.45838801,I,734,LA,1,0,0,0,1,1000,1,1,1,0,0,0,1,1,20,0,11
Augusta Symphony,0.285789166,29.45838801,I,734,LA,1,0,0,0,1,1000,1,1,1,0,0,0,1,1,20,0,11
Symphoria,0.283303332,29.45838801,I,734,LA,1,0,0,0,1,1000,1,1,1,0,0,0,1,1,20,0,11
Jacksonville Symphony,0.281461481,29.45838801,I,734,LA,1,0,0,0,1,1000,1,1,1,0,0,0,1,1,20,0,11
Naples Philharmonic,0.28083757,29.45838801,I,734,LA,1,0,0,0,1,1000,1,1,1,0,0,0,1,1,20,0,11
Austin Symphony Orchestra,0.273842059,29.45838801,I,734,LA,1,0,0,0,1,1000,1,1,1,0,0,0,1,1,20,0,11
Houston Symphony,0.27354831,29.45838801,I,734,LA,1,0,0,0,1,1000,1,1,1,0,0,0,1,1,20,0,11
Asheville,0.27200374,29.45838801,I,734,LA,1,0,0,0,1,1000,1,1,1,0,0,0,1,1,20,0,11
Columbus Symphony Orchestra,0.27083881,29.45838801,I,734,LA,1,0,0,0,1,1000,1,1,1,0,0,0,1,1,20,0,11
Toledo Symphony Orchestra,0.265202074,29.45838801,I,734,LA,1,0,0,0,1,1000,1,1,1,0,0,0,1,1,20,0,11
"Bartók, Béla",0.263223882,29.45838801,I,734,LA,1,0,0,0,1,1000,1,1,1,0,0,0,1,1,20,0,11
"Saint-Saëns, Camille",0.261779949,29.45838801,I,734,LA,1,0,0,0,1,1000,1,1,1,0,0,0,1,1,20,0,11
"Adams, John",0.259148975,29.45838801,I,734,LA,1,0,0,0,1,1000,1,1,1,0,0,0,1,1,20,0,11
Hilton Head Symphony,0.257586418,29.45838801,I,734,LA,1,0,0,0,1,1000,1,1,1,0,0,0,1,1,20,0,11
Mississippi,0.254766143,29.45838801,I,734,LA,1,0,0,0,1,1000,1,1,1,0,0,0,1,1,20,0,11
Philadelphia Orchestra,0.254182416,29.45838801,I,734,LA,1,0,0,0,1,1000,1,1,1,0,0,0,1,1,20,0,11
Louisville Symphony,0.250623684,29.45838801,I,734,LA,1,0,0,0,1,1000,1,1,1,0,0,0,1,1,20,0,11
Spokane Symphony,0.247013844,29.45838801,I,734,LA,1,0,0,0,1,1000,1,1,1,0,0,0,1,1,20,0,11
"Schubert, Franz",0.246891438,29.45838801,I,734,LA,1,0,0,0,1,1000,1,1,1,0,0,0,1,1,20,0,11
"Bruch, Max",0.246780641,29.45838801,I,734,LA,1,0,0,0,1,1000,1,1,1,0,0,0,1,1,20,0,11
Tulsa Symphony,0.244784081,29.45838801,I,734,LA,1,0,0,0,1,1000,1,1,1,0,0,0,1,1,20,0,11
Pasadena Symphony,0.244554607,29.45838801,I,734,LA,1,0,0,0,1,1000,1,1,1,0,0,0,1,1,20,0,11
"Berlioz, Hector",0.243358655,29.45838801,I,734,LA,1,0,0,0,1,1000,1,1,1,0,0,0,1,1,20,0,11
Greensboro,0.242968311,29.45838801,I,734,LA,1,0,0,0,1,1000,1,1,1,0,0,0,1,1,20,0,11
West Virginia Symphony Orchestra,0.242721456,29.45838801,I,734,LA,1,0,0,0,1,1000,1,1,1,0,0,0,1,1,20,0,11
Ann Arbor Symphony,0.242309789,29.45838801,I,734,LA,1,0,0,0,1,1000,1,1,1,0,0,0,1,1,20,0,11
Boise Philharmonic,0.240742413,29.45838801,I,734,LA,1,0,0,0,1,1000,1,1,1,0,0,0,1,1,20,0,11
Greenville Symphony Orchestra,0.237010636,29.45838801,I,734,LA,1,0,0,0,1,1000,1,1,1,0,0,0,1,1,20,0,11
Reno Philharmonic Orchestra,0.235185105,29.45838801,I,734,LA,1,0,0,0,1,1000,1,1,1,0,0,0,1,1,20,0,11
Santa Fe Symphony Orchestra,0.234979253,29.45838801,I,734,LA,1,0,0,0,1,1000,1,1,1,0,0,0,1,1,20,0,11
Omaha Symphony,0.234197377,29.45838801,I,734,LA,1,0,0,0,1,1000,1,1,1,0,0,0,1,1,20,0,11
Sarasota Orchestra,0.231893327,29.45838801,I,734,LA,1,0,0,0,1,1000,1,1,1,0,0,0,1,1,20,0,11
Albany Symphony Orchestra,0.230994368,29.45838801,I,734,LA,1,0,0,0,1,1000,1,1,1,0,0,0,1,1,20,0,11
Monterey Symphony,0.23007082,29.45838801,I,734,LA,1,0,0,0,1,1000,1,1,1,0,0,0,1,1,20,0,11
"Walker, George",0.228171809,29.45838801,I,734,LA,1,0,0,0,1,1000,1,1,1,0,0,0,1,1,20,0,11
"Wagner, Richard",0.22798601,29.45838801,I,734,LA,1,0,0,0,1,1000,1,1,1,0,0,0,1,1,20,0,11
Hartford Symphony Orchestra,0.227784695,29.45838801,I,734,LA,1,0,0,0,1,1000,1,1,1,0,0,0,1,1,20,0,11
Tacoma,0.225159877,29.45838801,I,734,LA,1,0,0,0,1,1000,1,1,1,0,0,0,1,1,20,0,11
"Bach, J.S.",0.225091058,29.45838801,I,734,LA,1,0,0,0,1,1000,1,1,1,0,0,0,1,1,20,0,11
Bozeman,0.224538164,29.45838801,I,734,LA,1,0,0,0,1,1000,1,1,1,0,0,0,1,1,20,0,11
Knoxville Symphony Orchestra,0.224508703,29.45838801,I,734,LA,1,0,0,0,1,1000,1,1,1,0,0,0,1,1,20,0,11
Arkansas Symphony Orchestra,0.223783998,29.45838801,I,734,LA,1,0,0,0,1,1000,1,1,1,0,0,0,1,1,20,0,11
Florida Orchestra,0.223088727,29.45838801,I,734,LA,1,0,0,0,1,1000,1,1,1,0,0,0,1,1,20,0,11
Santa Rosa Symphony Orchestra,0.21871924,29.45838801,I,734,LA,1,0,0,0,1,1000,1,1,1,0,0,0,1,1,20,0,11
Chautauqua,0.216035701,29.45838801,I,734,LA,1,0,0,0,1,1000,1,1,1,0,0,0,1,1,20,0,11
Bakersfield Symphony,0.215862119,29.45838801,I,734,LA,1,0,0,0,1,1000,1,1,1,0,0,0,1,1,20,0,11
Kalamazoo Symphony Orchestra,0.214865615,29.45838801,I,734,LA,1,0,0,0,1,1000,1,1,1,0,0,0,1,1,20,0,11
"Hailstork, Adolphus",0.211495652,29.45838801,I,734,LA,1,0,0,0,1,1000,1,1,1,0,0,0,1,1,20,0,11
California Symphony,0.211019496,29.45838801,I,734,LA,1,0,0,0,1,1000,1,1,1,0,0,0,1,1,20,0,11
Quad Cities Symphony,0.210498813,29.45838801,I,734,LA,1,0,0,0,1,1000,1,1,1,0,0,0,1,1,20,0,11
Oklahoma City Philharmonic Orchestra,0.210392893,29.45838801,I,734,LA,1,0,0,0,1,1000,1,1,1,0,0,0,1,1,20,0,11
Orlando Philharmonic Orchestra,0.209703932,29.45838801,I,734,LA,1,0,0,0,1,1000,1,1,1,0,0,0,1,1,20,0,11
"Grieg, Edvard",0.208969155,29.45838801,I,734,LA,1,0,0,0,1,1000,1,1,1,0,0,0,1,1,20,0,11
"Frank, Gabriela Lena",0.206371434,29.45838801,I,734,LA,1,0,0,0,1,1000,1,1,1,0,0,0,1,1,20,0,11
Allentown Symphony Orchestra,0.206220329,29.45838801,I,734,LA,1,0,0,0,1,1000,1,1,1,0,0,0,1,1,20,0,11
"Boulanger, Lili",0.203704754,29.45838801,I,734,LA,1,0,0,0,1,1000,1,1,1,0,0,0,1,1,20,0,11
Fargo-Moorhead,0.201992729,29.45838801,I,734,LA,1,0,0,0,1,1000,1,1,1,0,0,0,1,1,20,0,11
Lansing Symphony,0.201477243,29.45838801,I,734,LA,1,0,0,0,1,1000,1,1,1,0,0,0,1,1,20,0,11
Richmond Symphony Orchestra,0.201198665,29.45838801,I,734,LA,1,0,0,0,1,1000,1,1,1,0,0,0,1,1,20,0,11
"Rossini, Gioachino",0.200575548,29.45838801,I,734,LA,1,0,0,0,1,1000,1,1,1,0,0,0,1,1,20,0,11
Orchestra Iowa,0.200413561,29.45838801,I,734,LA,1,0,0,0,1,1000,1,1,1,0,0,0,1,1,20,0,11
Anchorage Symphony,0.198861576,29.45838801,I,734,LA,1,0,0,0,1,1000,1,1,1,0,0,0,1,1,20,0,11
Chattanooga,0.198706511,29.45838801,I,734,LA,1,0,0,0,1,1000,1,1,1,0,0,0,1,1,20,0,11
"Mussorgsky, Modest",0.197326056,29.45838801,I,734,LA,1,0,0,0,1,1000,1,1,1,0,0,0,1,1,20,0,11
Annapolis,0.195847585,29.45838801,I,734,LA,1,0,0,0,1,1000,1,1,1,0,0,0,1,1,20,0,11
Portland Symphony Orchestra,0.194275676,29.45838801,I,734,LA,1,0,0,0,1,1000,1,1,1,0,0,0,1,1,20,0,11
"Clyne, Anna",0.194169802,29.45838801,I,734,LA,1,0,0,0,1,1000,1,1,1,0,0,0,1,1,20,0,11
Rhode Island Philharmonic Orchestra,0.192722362,29.45838801,I,734,LA,1,0,0,0,1,1000,1,1,1,0,0,0,1,1,20,0,11
"Britten, Benjamin",0.191818507,29.45838801,I,734,LA,1,0,0,0,1,1000,1,1,1,0,0,0,1,1,20,0,11
"Respighi, Ottorino",0.188497239,29.45838801,I,734,LA,1,0,0,0,1,1000,1,1,1,0,0,0,1,1,20,0,11
Symphony New Hampshire,0.18818186,29.45838801,I,734,LA,1,0,0,0,1,1000,1,1,1,0,0,0,1,1,20,0,11
Mobile Symphony Orchestra,0.186755251,29.45838801,I,734,LA,1,0,0,0,1,1000,1,1,1,0,0,0,1,1,20,0,11
San Diego Symphony,0.1833145,29.45838801,I,734,LA,1,0,0,0,1,1000,1,1,1,0,0,0,1,1,20,0,11
"Saint-Georges, Joseph Bologne, chevalier de,",0.181722713,29.45838801,I,734,LA,1,0,0,0,1,1000,1,1,1,0,0,0,1,1,20,0,11
Virginia Symphony Orchestra,0.181311522,29.45838801,I,734,LA,1,0,0,0,1,1000,1,1,1,0,0,0,1,1,20,0,11
Harrisburg Symphony Orchestra,0.17958876,29.45838801,I,734,LA,1,0,0,0,1,1000,1,1,1,0,0,0,1,1,20,0,11
South Dakota Symphony,0.178218279,29.45838801,I,734,LA,1,0,0,0,1,1000,1,1,1,0,0,0,1,1,20,0,11
Maryland Symphony,0.176025225,29.45838801,I,734,LA,1,0,0,0,1,1000,1,1,1,0,0,0,1,1,20,0,11
"Vaughan Williams, Ralph",0.175075742,29.45838801,I,734,LA,1,0,0,0,1,1000,1,1,1,0,0,0,1,1,20,0,11
Peoria Symphony,0.174282369,29.45838801,I,734,LA,1,0,0,0,1,1000,1,1,1,0,0,0,1,1,20,0,11
Dayton Philharmonic Orchestra,0.174144262,29.45838801,I,734,LA,1,0,0,0,1,1000,1,1,1,0,0,0,1,1,20,0,11
Baton Rouge Symphony,0.173529464,29.45838801,I,734,LA,1,0,0,0,1,1000,1,1,1,0,0,0,1,1,20,0,11
Santa Cruz,0.172304571,29.45838801,I,734,LA,1,0,0,0,1,1000,1,1,1,0,0,0,1,1,20,0,11
Des Moines Symphony,0.172105657,29.45838801,I,734,LA,1,0,0,0,1,1000,1,1,1,0,0,0,1,1,20,0,11
Oakland East Bay Symphony Orchestra,0.170692484,29.45838801,I,734,LA,1,0,0,0,1,1000,1,1,1,0,0,0,1,1,20,0,11
Cape Symphony,0.169833088,29.45838801,I,734,LA,1,0,0,0,1,1000,1,1,1,0,0,0,1,1,20,0,11
Stamford,0.169810254,29.45838801,I,734,LA,1,0,0,0,1,1000,1,1,1,0,0,0,1,1,20,0,11
"Liszt, Franz",0.169149793,29.45838801,I,734,LA,1,0,0,0,1,1000,1,1,1,0,0,0,1,1,20,0,11
"Higdon, Jennifer",0.165031702,29.45838801,I,734,LA,1,0,0,0,1,1000,1,1,1,0,0,0,1,1,20,0,11
York Symphony Orchestra,0.164863817,29.45838801,I,734,LA,1,0,0,0,1,1000,1,1,1,0,0,0,1,1,20,0,11
"Bruckner, Anton",0.1646948,29.45838801,I,734,LA,1,0,0,0,1,1000,1,1,1,0,0,0,1,1,20,0,11
El Paso,0.164270964,29.45838801,I,734,LA,1,0,0,0,1,1000,1,1,1,0,0,0,1,1,20,0,11
"Simon, Carlos",0.163664549,29.45838801,I,734,LA,1,0,0,0,1,1000,1,1,1,0,0,0,1,1,20,0,11
Reading,0.159876995,29.45838801,I,734,LA,1,0,0,0,1,1000,1,1,1,0,0,0,1,1,20,0,11
Akron Symphony Orchestra,0.159402995,29.45838801,I,734,LA,1,0,0,0,1,1000,1,1,1,0,0,0,1,1,20,0,11
Madison Symphony Orchesta,0.156246604,29.45838801,I,734,LA,1,0,0,0,1,1000,1,1,1,0,0,0,1,1,20,0,11
Delaware Symphony Orchestra,0.155598725,29.45838801,I,734,LA,1,0,0,0,1,1000,1,1,1,0,0,0,1,1,20,0,11
"Tower, Joan",0.155192904,29.45838801,I,734,LA,1,0,0,0,1,1000,1,1,1,0,0,0,1,1,20,0,11
"Korngold, Erich",0.153597798,29.45838801,I,734,LA,1,0,0,0,1,1000,1,1,1,0,0,0,1,1,20,0,11
"Mazzoli, Missy",0.151162861,29.45838801,I,734,LA,1,0,0,0,1,1000,1,1,1,0,0,0,1,1,20,0,11
Winston-Salem Symphony,0.15032603,29.45838801,I,734,LA,1,0,0,0,1,1000,1,1,1,0,0,0,1,1,20,0,11
Plano Symphony,0.149499549,29.45838801,I,734,LA,1,0,0,0,1,1000,1,1,1,0,0,0,1,1,20,0,11
"Piazzolla, Astor",0.148366313,29.45838801,I,734,LA,1,0,0,0,1,1000,1,1,1,0,0,0,1,1,20,0,11
"Verdi, Giuseppe",0.147903466,29.45838801,I,734,LA,1,0,0,0,1,1000,1,1,1,0,0,0,1,1,20,0,11
Evansville Philharmonic,0.14689347,29.45838801,I,734,LA,1,0,0,0,1,1000,1,1,1,0,0,0,1,1,20,0,11
Modesto Symphony Orchestra,0.141218329,29.45838801,I,734,LA,1,0,0,0,1,1000,1,1,1,0,0,0,1,1,20,0,11
Erie Philharmonic,0.140329307,29.45838801,I,734,LA,1,0,0,0,1,1000,1,1,1,0,0,0,1,1,20,0,11
Santa Barbara Symphony Orchestra,0.131192837,29.45838801,I,734,LA,1,0,0,0,1,1000,1,1,1,0,0,0,1,1,20,0,11
Orpheus Chamber Orchestra,0.130006911,29.45838801,I,734,LA,1,0,0,0,1,1000,1,1,1,0,0,0,1,1,20,0,11
"Ellington, Duke",0.125976851,29.45838801,I,734,LA,1,0,0,0,1,1000,1,1,1,0,0,0,1,1,20,0,11
"Ginastera, Alberto",0.124461353,29.45838801,I,734,LA,1,0,0,0,1,1000,1,1,1,0,0,0,1,1,20,0,11
"Bernstein, Leonard",0.123850282,29.45838801,I,734,LA,1,0,0,0,1,1000,1,1,1,0,0,0,1,1,20,0,11
"Vivaldi, Antonio",0.123822725,29.45838801,I,734,LA,1,0,0,0,1,1000,1,1,1,0,0,0,1,1,20,0,11
"Nielsen, Carl",0.122976162,29.45838801,I,734,LA,1,0,0,0,1,1000,1,1,1,0,0,0,1,1,20,0,11
New Haven Symphony Orchestra,0.122539567,29.45838801,I,734,LA,1,0,0,0,1,1000,1,1,1,0,0,0,1,1,20,0,11
Savannah,0.122203202,29.45838801,I,734,LA,1,0,0,0,1,1000,1,1,1,0,0,0,1,1,20,0,11
Chicago Philharmonic,0.122074679,29.45838801,I,734,LA,1,0,0,0,1,1000,1,1,1,0,0,0,1,1,20,0,11
Midland-Odessa,0.118793303,29.45838801,I,734,LA,1,0,0,0,1,1000,1,1,1,0,0,0,1,1,20,0,11
Baltimore Symphony Orchestra,0.117865223,29.45838801,I,734,LA,1,0,0,0,1,1000,1,1,1,0,0,0,1,1,20,0,11
"Smith, Gabriella",0.117771742,29.45838801,I,734,LA,1,0,0,0,1,1000,1,1,1,0,0,0,1,1,20,0,11
Berkeley Symphony,0.117636738,29.45838801,I,734,LA,1,0,0,0,1,1000,1,1,1,0,0,0,1,1,20,0,11
Wichita Symphony Orchestra,0.115077765,29.45838801,I,734,LA,1,0,0,0,1,1000,1,1,1,0,0,0,1,1,20,0,11
"Villa-Lobos, Heitor",0.110228567,29.45838801,I,734,LA,1,0,0,0,1,1000,1,1,1,0,0,0,1,1,20,0,11
Lubbock,0.10704499,29.45838801,I,734,LA,1,0,0,0,1,1000,1,1,1,0,0,0,1,1,20,0,11
"Adès, Thomas",0.105967899,29.45838801,I,734,LA,1,0,0,0,1,1000,1,1,1,0,0,0,1,1,20,0,11
"Thompson, Joel",0.103182871,29.45838801,I,734,LA,1,0,0,0,1,1000,1,1,1,0,0,0,1,1,20,0,11
"Rodrigo, Joaquín",0.100683425,29.45838801,I,734,LA,1,0,0,0,1,1000,1,1,1,0,0,0,1,1,20,0,11
"Kodály, Zoltán",0.097240765,29.45838801,I,734,LA,1,0,0,0,1,1000,1,1,1,0,0,0,1,1,20,0,11
Fresno,0.095711623,29.45838801,I,734,LA,1,0,0,0,1,1000,1,1,1,0,0,0,1,1,20,0,11
"Marsalis, Wynton",0.095196276,29.45838801,I,734,LA,1,0,0,0,1,1000,1,1,1,0,0,0,1,1,20,0,11
"Holst, Gustav",0.093645764,29.45838801,I,734,LA,1,0,0,0,1,1000,1,1,1,0,0,0,1,1,20,0,11
"Chopin, Frédéric",0.092551762,29.45838801,I,734,LA,1,0,0,0,1,1000,1,1,1,0,0,0,1,1,20,0,11
Amarillo Symphony,0.091430766,29.45838801,I,734,LA,1,0,0,0,1,1000,1,1,1,0,0,0,1,1,20,0,11
Chicago Sinfonietta,0.091213461,29.45838801,I,734,LA,1,0,0,0,1,1000,1,1,1,0,0,0,1,1,20,0,11
"Poulenc, Francis",0.089877409,29.45838801,I,734,LA,1,0,0,0,1,1000,1,1,1,0,0,0,1,1,20,0,11
"Smetana, Bedřich",0.088920005,29.45838801,I,734,LA,1,0,0,0,1,1000,1,1,1,0,0,0,1,1,20,0,11
South Bend,0.088220777,29.45838801,I,734,LA,1,0,0,0,1,1000,1,1,1,0,0,0,1,1,20,0,11
"Márquez, Arturo",0.087458773,29.45838801,I,734,LA,1,0,0,0,1,1000,1,1,1,0,0,0,1,1,20,0,11
"Saariaho, Kaija",0.085828621,29.45838801,I,734,LA,1,0,0,0,1,1000,1,1,1,0,0,0,1,1,20,0,11
"Franck, César",0.085477835,29.45838801,I,734,LA,1,0,0,0,1,1000,1,1,1,0,0,0,1,1,20,0,11
"Dawson, William Levi",0.084647691,29.45838801,I,734,LA,1,0,0,0,1,1000,1,1,1,0,0,0,1,1,20,0,11
"Strauss, Johann",0.08282781,29.45838801,I,734,LA,1,0,0,0,1,1000,1,1,1,0,0,0,1,1,20,0,11
"Farrenc, Louise",0.082656635,29.45838801,I,734,LA,1,0,0,0,1,1000,1,1,1,0,0,0,1,1,20,0,11
"Ives, Charles",0.081633721,29.45838801,I,734,LA,1,0,0,0,1,1000,1,1,1,0,0,0,1,1,20,0,11
"Chin, Unsuk",0.08123928,29.45838801,I,734,LA,1,0,0,0,1,1000,1,1,1,0,0,0,1,1,20,0,11
"Pärt, Arvo",0.080355906,29.45838801,I,734,LA,1,0,0,0,1,1000,1,1,1,0,0,0,1,1,20,0,11
"Shaw, Caroline",0.079090922,29.45838801,I,734,LA,1,0,0,0,1,1000,1,1,1,0,0,0,1,1,20,0,11
"Berg, Alban",0.078626186,29.45838801,I,734,LA,1,0,0,0,1,1000,1,1,1,0,0,0,1,1,20,0,11
"Dessner, Bryce",0.078327704,29.45838801,I,734,LA,1,0,0,0,1,1000,1,1,1,0,0,0,1,1,20,0,11
"Perry, Julia",0.077581096,29.45838801,I,734,LA,1,0,0,0,1,1000,1,1,1,0,0,0,1,1,20,0,11
"Bizet, Georges",0.074480987,29.45838801,I,734,LA,1,0,0,0,1,1000,1,1,1,0,0,0,1,1,20,0,11
Wyoming,0.073463836,29.45838801,I,734,LA,1,0,0,0,1,1000,1,1,1,0,0,0,1,1,20,0,11
"Lee III, James",0.071930469,29.45838801,I,734,LA,1,0,0,0,1,1000,1,1,1,0,0,0,1,1,20,0,11
"Corigliano, John",0.070478568,29.45838801,I,734,LA,1,0,0,0,1,1000,1,1,1,0,0,0,1,1,20,0,11
"Bates, Mason",0.069463378,29.45838801,I,734,LA,1,0,0,0,1,1000,1,1,1,0,0,0,1,1,20,0,11
"Coleman, Valerie",0.067750278,29.45838801,I,734,LA,1,0,0,0,1,1000,1,1,1,0,0,0,1,1,20,0,11
"Humperdinck, Engelbert",0.067141491,29.45838801,I,734,LA,1,0,0,0,1,1000,1,1,1,0,0,0,1,1,20,0,11
"Glass, Philip",0.067004477,29.45838801,I,734,LA,1,0,0,0,1,1000,1,1,1,0,0,0,1,1,20,0,11
"Nabors, Brian Raphael",0.066813926,29.45838801,I,734,LA,1,0,0,0,1,1000,1,1,1,0,0,0,1,1,20,0,11
"Hillborg, Anders",0.065795248,29.45838801,I,734,LA,1,0,0,0,1,1000,1,1,1,0,0,0,1,1,20,0,11
"Joachim, Nathalie",0.065542124,29.45838801,I,734,LA,1,0,0,0,1,1000,1,1,1,0,0,0,1,1,20,0,11
Las Vegas Philharmonic,0.065213723,29.45838801,I,734,LA,1,0,0,0,1,1000,1,1,1,0,0,0,1,1,20,0,11
"Reid, Ellen",0.064179628,29.45838801,I,734,LA,1,0,0,0,1,1000,1,1,1,0,0,0,1,1,20,0,11
"Rameau, Jean-Philippe",0.064029558,29.45838801,I,734,LA,1,0,0,0,1,1000,1,1,1,0,0,0,1,1,20,0,11
"Lutosławski, Witold",0.063959034,29.45838801,I,734,LA,1,0,0,0,1,1000,1,1,1,0,0,0,1,1,20,0,11
"Fauré, Gabriel",0.063729553,29.45838801,I,734,LA,1,0,0,0,1,1000,1,1,1,0,0,0,1,1,20,0,11
"Glinka, Mikhail",0.063210261,29.45838801,I,734,LA,1,0,0,0,1,1000,1,1,1,0,0,0,1,1,20,0,11
"Borodin, Alexander",0.062595394,29.45838801,I,734,LA,1,0,0,0,1,1000,1,1,1,0,0,0,1,1,20,0,11
"Tilson Thomas, Michael",0.062492927,29.45838801,I,734,LA,1,0,0,0,1,1000,1,1,1,0,0,0,1,1,20,0,11
"Hindemith, Paul",0.062125867,29.45838801,I,734,LA,1,0,0,0,1,1000,1,1,1,0,0,0,1,1,20,0,11
"Williams, John",0.061120515,29.45838801,I,734,LA,1,0,0,0,1,1000,1,1,1,0,0,0,1,1,20,0,11
"Assad, Clarice",0.058808386,29.45838801,I,734,LA,1,0,0,0,1,1000,1,1,1,0,0,0,1,1,20,0,11
"Scriabin, Alexander",0.058583998,29.45838801,I,734,LA,1,0,0,0,1,1000,1,1,1,0,0,0,1,1,20,0,11
"Thomas, Augusta Read",0.058449334,29.45838801,I,734,LA,1,0,0,0,1,1000,1,1,1,0,0,0,1,1,20,0,11
"Revueltas, Silvestre",0.057092312,29.45838801,I,734,LA,1,0,0,0,1,1000,1,1,1,0,0,0,1,1,20,0,11
"Negrón, Angelica",0.057038485,29.45838801,I,734,LA,1,0,0,0,1,1000,1,1,1,0,0,0,1,1,20,0,11
"Kendall, Hannah",0.056504842,29.45838801,I,734,LA,1,0,0,0,1,1000,1,1,1,0,0,0,1,1,20,0,11
"Schoenberg, Arnold",0.056403253,29.45838801,I,734,LA,1,0,0,0,1,1000,1,1,1,0,0,0,1,1,20,0,11
"Schumann, Clara",0.055952908,29.45838801,I,734,LA,1,0,0,0,1,1000,1,1,1,0,0,0,1,1,20,0,11
"Falla, Manuel de",0.055547893,29.45838801,I,734,LA,1,0,0,0,1,1000,1,1,1,0,0,0,1,1,20,0,11
"Dukas, Paul",0.05457617,29.45838801,I,734,LA,1,0,0,0,1,1000,1,1,1,0,0,0,1,1,20,0,11
"Salonen, Esa-Pekka",0.053954767,29.45838801,I,734,LA,1,0,0,0,1,1000,1,1,1,0,0,0,1,1,20,0,11
"Ortiz, Gabriela",0.053914823,29.45838801,I,734,LA,1,0,0,0,1,1000,1,1,1,0,0,0,1,1,20,0,11
"Snider, Sarah Kirkland",0.053780389,29.45838801,I,734,LA,1,0,0,0,1,1000,1,1,1,0,0,0,1,1,20,0,11
"Fung, Vivian",0.053120864,29.45838801,I,734,LA,1,0,0,0,1,1000,1,1,1,0,0,0,1,1,20,0,11
"Rota, Nino",0.052117598,29.45838801,I,734,LA,1,0,0,0,1,1000,1,1,1,0,0,0,1,1,20,0,11
"Puts, Kevin",0.050419535,29.45838801,I,734,LA,1,0,0,0,1,1000,1,1,1,0,0,0,1,1,20,0,11
"Shekhar, Nina",0.050118084,29.45838801,I,734,LA,1,0,0,0,1,1000,1,1,1,0,0,0,1,1,20,0,11
"Rouse, Christopher",0.050094968,29.45838801,I,734,LA,1,0,0,0,1,1000,1,1,1,0,0,0,1,1,20,0,11
"Glazunov, Alexander",0.048644573,29.45838801,I,734,LA,1,0,0,0,1,1000,1,1,1,0,0,0,1,1,20,0,11
"Weber, Carl Maria von",0.048512586,29.45838801,I,734,LA,1,0,0,0,1,1000,1,1,1,0,0,0,1,1,20,0,11
"Schulhoff, Erwin",0.048390462,29.45838801,I,734,LA,1,0,0,0,1,1000,1,1,1,0,0,0,1,1,20,0,11
"Ogonek, Elizabeth",0.048385948,29.45838801,I,734,LA,1,0,0,0,1,1000,1,1,1,0,0,0,1,1,20,0,11
"Walton, William",0.048249415,29.45838801,I,734,LA,1,0,0,0,1,1000,1,1,1,0,0,0,1,1,20,0,11
"Muhly, Nico",0.046648936,29.45838801,I,734,LA,1,0,0,0,1,1000,1,1,1,0,0,0,1,1,20,0,11
River Oaks Chamber Orchestra,0.046132991,29.45838801,I,734,LA,1,0,0,0,1,1000,1,1,1,0,0,0,1,1,20,0,11
"Kim, Texu",0.045840601,29.45838801,I,734,LA,1,0,0,0,1,1000,1,1,1,0,0,0,1,1,20,0,11
"Shchedrin, Rodion",0.045493664,29.45838801,I,734,LA,1,0,0,0,1,1000,1,1,1,0,0,0,1,1,20,0,11
"Ngwenyama, Nokuthula",0.045196753,29.45838801,I,734,LA,1,0,0,0,1,1000,1,1,1,0,0,0,1,1,20,0,11
"Ibert, Jacques",0.044997679,29.45838801,I,734,LA,1,0,0,0,1,1000,1,1,1,0,0,0,1,1,20,0,11
Chen Yi,0.04448276,29.45838801,I,734,LA,1,0,0,0,1,1000,1,1,1,0,0,0,1,1,20,0,11
"Bolcolm, William",0.044184646,29.45838801,I,734,LA,1,0,0,0,1,1000,1,1,1,0,0,0,1,1,20,0,11
"Hanson, Howard",0.043940378,29.45838801,I,734,LA,1,0,0,0,1,1000,1,1,1,0,0,0,1,1,20,0,11
"Takemitsu, Toru",0.043810276,29.45838801,I,734,LA,1,0,0,0,1,1000,1,1,1,0,0,0,1,1,20,0,11
"Messiaen, Olivier",0.043603437,29.45838801,I,734,LA,1,0,0,0,1,1000,1,1,1,0,0,0,1,1,20,0,11
Traditional,0.043495188,29.45838801,I,734,LA,1,0,0,0,1,1000,1,1,1,0,0,0,1,1,20,0,11
"Ludwig, David",0.042854187,29.45838801,I,734,LA,1,0,0,0,1,1000,1,1,1,0,0,0,1,1,20,0,11
"Golijov, Osvaldo",0.042715988,29.45838801,I,734,LA,1,0,0,0,1,1000,1,1,1,0,0,0,1,1,20,0,11
"Abels, Michael",0.04234616,29.45838801,I,734,LA,1,0,0,0,1,1000,1,1,1,0,0,0,1,1,20,0,11
"Schoenberg, Adam",0.041699523,29.45838801,I,734,LA,1,0,0,0,1,1000,1,1,1,0,0,0,1,1,20,0,11
"Purcell, Henry",0.041587642,29.45838801,I,734,LA,1,0,0,0,1,1000,1,1,1,0,0,0,1,1,20,0,11
"Daugherty, Michael",0.040940226,29.45838801,I,734,LA,1,0,0,0,1,1000,1,1,1,0,0,0,1,1,20,0,11
"Wallen, Errollyn",0.040558124,29.45838801,I,734,LA,1,0,0,0,1,1000,1,1,1,0,0,0,1,1,20,0,11
"Bacewicz, Grazyna",0.040228617,29.45838801,I,734,LA,1,0,0,0,1,1000,1,1,1,0,0,0,1,1,20,0,11
"Gubaidulina, Sofia",0.039974846,29.45838801,I,734,LA,1,0,0,0,1,1000,1,1,1,0,0,0,1,1,20,0,11
"Perkinson, Coleridge-Taylor",0.039429864,29.45838801,I,734,LA,1,0,0,0,1,1000,1,1,1,0,0,0,1,1,20,0,11
"Adolphe, Julia",0.039108246,29.45838801,I,734,LA,1,0,0,0,1,1000,1,1,1,0,0,0,1,1,20,0,11
"Cuong, Viet",0.039087184,29.45838801,I,734,LA,1,0,0,0,1,1000,1,1,1,0,0,0,1,1,20,0,11
"Bottesini, Giovanni",0.038602473,29.45838801,I,734,LA,1,0,0,0,1,1000,1,1,1,0,0,0,1,1,20,0,11
"Reich, Steve",0.038041134,29.45838801,I,734,LA,1,0,0,0,1,1000,1,1,1,0,0,0,1,1,20,0,11
"Kahane, Gabriel",0.037957143,29.45838801,I,734,LA,1,0,0,0,1,1000,1,1,1,0,0,0,1,1,20,0,11
"Milhaud, Darius",0.037859614,29.45838801,I,734,LA,1,0,0,0,1,1000,1,1,1,0,0,0,1,1,20,0,11
"Connesson, Guillaume",0.037600038,29.45838801,I,734,LA,1,0,0,0,1,1000,1,1,1,0,0,0,1,1,20,0,11
"Mendelssohn, Fanny",0.036989284,29.45838801,I,734,LA,1,0,0,0,1,1000,1,1,1,0,0,0,1,1,20,0,11
"Leshnoff, Jonathan",0.036510596,29.45838801,I,734,LA,1,0,0,0,1,1000,1,1,1,0,0,0,1,1,20,0,11
"Puccini, Giacomo",0.036101802,29.45838801,I,734,LA,1,0,0,0,1,1000,1,1,1,0,0,0,1,1,20,0,11
"Wennäkoski, Lotta",0.034645214,29.45838801,I,734,LA,1,0,0,0,1,1000,1,1,1,0,0,0,1,1,20,0,11
"López Bellido, Jimmy",0.034572098,29.45838801,I,734,LA,1,0,0,0,1,1000,1,1,1,0,0,0,1,1,20,0,11
"Foley, Xavier",0.033985122,29.45838801,I,734,LA,1,0,0,0,1,1000,1,1,1,0,0,0,1,1,20,0,11
"Esmail, Reena",0.033811221,29.45838801,I,734,LA,1,0,0,0,1,1000,1,1,1,0,0,0,1,1,20,0,11
"Loggins-Hull, Allison",0.033594623,29.45838801,I,734,LA,1,0,0,0,1,1000,1,1,1,0,0,0,1,1,20,0,11
Pamela Z,0.033594623,29.45838801,I,734,LA,1,0,0,0,1,1000,1,1,1,0,0,0,1,1,20,0,11
"Chabrier, Emmanuel",0.033249445,29.45838801,I,734,LA,1,0,0,0,1,1000,1,1,1,0,0,0,1,1,20,0,11
"Duruflé, Maurice",0.032896523,29.45838801,I,734,LA,1,0,0,0,1,1000,1,1,1,0,0,0,1,1,20,0,11
"Wilson, James",0.032896523,29.45838801,I,734,LA,1,0,0,0,1,1000,1,1,1,0,0,0,1,1,20,0,11
"Zemlinsky, Alexander",0.032894018,29.45838801,I,734,LA,1,0,0,0,1,1000,1,1,1,0,0,0,1,1,20,0,11
"Sarasate, Pablo de",0.03221886,29.45838801,I,734,LA,1,0,0,0,1,1000,1,1,1,0,0,0,1,1,20,0,11
"Mason, Quinn",0.032145233,29.45838801,I,734,LA,1,0,0,0,1,1000,1,1,1,0,0,0,1,1,20,0,11
"Buxtehude, Dieterich",0.031608315,29.45838801,I,734,LA,1,0,0,0,1,1000,1,1,1,0,0,0,1,1,20,0,11
Qigang Chen,0.03133321,29.45838801,I,734,LA,1,0,0,0,1,1000,1,1,1,0,0,0,1,1,20,0,11
"Ligeti, György",0.031288424,29.45838801,I,734,LA,1,0,0,0,1,1000,1,1,1,0,0,0,1,1,20,0,11
"Telemann, Georg Philipp",0.030898122,29.45838801,I,734,LA,1,0,0,0,1,1000,1,1,1,0,0,0,1,1,20,0,11
"Thorvaldsdottir, Anna",0.030862457,29.45838801,I,734,LA,1,0,0,0,1,1000,1,1,1,0,0,0,1,1,20,0,11
"Schifrin, Lalo",0.030855779,29.45838801,I,734,LA,1,0,0,0,1,1000,1,1,1,0,0,0,1,1,20,0,11
"Glanert, Detlev",0.030510899,29.45838801,I,734,LA,1,0,0,0,1,1000,1,1,1,0,0,0,1,1,20,0,11
"Garrop, Stacy",0.029986658,29.45838801,I,734,LA,1,0,0,0,1,1000,1,1,1,0,0,0,1,1,20,0,11
Wang Jie,0.029855641,29.45838801,I,734,LA,1,0,0,0,1,1000,1,1,1,0,0,0,1,1,20,0,11
"Abrams, Teddy",0.029199554,29.45838801,I,734,LA,1,0,0,0,1,1000,1,1,1,0,0,0,1,1,20,0,11
"Bach, J.C.",0.029191877,29.45838801,I,734,LA,1,0,0,0,1,1000,1,1,1,0,0,0,1,1,20,0,11
Tan Dun,0.028757947,29.45838801,I,734,LA,1,0,0,0,1,1000,1,1,1,0,0,0,1,1,20,0,11
"León, Tania",0.028743825,29.45838801,I,734,LA,1,0,0,0,1,1000,1,1,1,0,0,0,1,1,20,0,11
"Tao, Conrad",0.028542129,29.45838801,I,734,LA,1,0,0,0,1,1000,1,1,1,0,0,0,1,1,20,0,11
"Enescu, George",0.028525717,29.45838801,I,734,LA,1,0,0,0,1,1000,1,1,1,0,0,0,1,1,20,0,11
"Gruber, HK",0.027977748,29.45838801,I,734,LA,1,0,0,0,1,1000,1,1,1,0,0,0,1,1,20,0,11
"Kay, Ulysses",0.027850147,29.45838801,I,734,LA,1,0,0,0,1,1000,1,1,1,0,0,0,1,1,20,0,11
"Khachaturian, Aram",0.027352256,29.45838801,I,734,LA,1,0,0,0,1,1000,1,1,1,0,0,0,1,1,20,0,11
"Orff, Carl",0.027195242,29.45838801,I,734,LA,1,0,0,0,1,1000,1,1,1,0,0,0,1,1,20,0,11
"Vali, Reza",0.026907856,29.45838801,I,734,LA,1,0,0,0,1,1000,1,1,1,0,0,0,1,1,20,0,11
"Talbot, Joby",0.026804548,29.45838801,I,734,LA,1,0,0,0,1,1000,1,1,1,0,0,0,1,1,20,0,11
"Rihm, Wolfgang",0.026686285,29.45838801,I,734,LA,1,0,0,0,1,1000,1,1,1,0,0,0,1,1,20,0,11
"Rogerson, Chris",0.026253426,29.45838801,I,734,LA,1,0,0,0,1,1000,1,1,1,0,0,0,1,1,20,0,11
"Lash, Hannah",0.026133597,29.45838801,I,734,LA,1,0,0,0,1,1000,1,1,1,0,0,0,1,1,20,0,11
"Widmann, Jörg",0.025888295,29.45838801,I,734,LA,1,0,0,0,1,1000,1,1,1,0,0,0,1,1,20,0,11
"Moussa, Samy",0.025881525,29.45838801,I,734,LA,1,0,0,0,1,1000,1,1,1,0,0,0,1,1,20,0,11
"Arutiunian, Alexander",0.025815039,29.45838801,I,734,LA,1,0,0,0,1,1000,1,1,1,0,0,0,1,1,20,0,11
"Larsen, Libby",0.0254171,29.45838801,I,734,LA,1,0,0,0,1,1000,1,1,1,0,0,0,1,1,20,0,11
"Lalo, Édouard",0.025252419,29.45838801,I,734,LA,1,0,0,0,1,1000,1,1,1,0,0,0,1,1,20,0,11
"Kernis, Aaron Jay",0.025158109,29.45838801,I,734,LA,1,0,0,0,1,1000,1,1,1,0,0,0,1,1,20,0,11
"Bowers, Kris",0.024439298,29.45838801,I,734,LA,1,0,0,0,1,1000,1,1,1,0,0,0,1,1,20,0,11
"Sowande, Fela",0.023952997,29.45838801,I,734,LA,1,0,0,0,1,1000,1,1,1,0,0,0,1,1,20,0,11
"Honegger, Arthur",0.023862927,29.45838801,I,734,LA,1,0,0,0,1,1000,1,1,1,0,0,0,1,1,20,0,11
"Weill, Kurt",0.023861263,29.45838801,I,734,LA,1,0,0,0,1,1000,1,1,1,0,0,0,1,1,20,0,11
"Stephenson, James M.",0.023822119,29.45838801,I,734,LA,1,0,0,0,1,1000,1,1,1,0,0,0,1,1,20,0,11
"Roustom, Kareem",0.023691787,29.45838801,I,734,LA,1,0,0,0,1,1000,1,1,1,0,0,0,1,1,20,0,11
"Offenbach, Jacques",0.023641298,29.45838801,I,734,LA,1,0,0,0,1,1000,1,1,1,0,0,0,1,1,20,0,11
"Yoshimatsu, Takashi",0.023482514,29.45838801,I,734,LA,1,0,0,0,1,1000,1,1,1,0,0,0,1,1,20,0,11
"Bach, J.S./Stokowski",0.023193148,29.45838801,I,734,LA,1,0,0,0,1,1000,1,1,1,0,0,0,1,1,20,0,11
"Wineglass, John",0.022673342,29.45838801,I,734,LA,1,0,0,0,1,1000,1,1,1,0,0,0,1,1,20,0,11
"Heggie, Jake",0.022324404,29.45838801,I,734,LA,1,0,0,0,1,1000,1,1,1,0,0,0,1,1,20,0,11
"Sierra, Roberto",0.02182254,29.45838801,I,734,LA,1,0,0,0,1,1000,1,1,1,0,0,0,1,1,20,0,11
"Grofé, Ferde",0.02119479,29.45838801,I,734,LA,1,0,0,0,1,1000,1,1,1,0,0,0,1,1,20,0,11
"White, José Lafitte",0.021144803,29.45838801,I,734,LA,1,0,0,0,1,1000,1,1,1,0,0,0,1,1,20,0,11
"Schreker, Franz",0.02105952,29.45838801,I,734,LA,1,0,0,0,1,1000,1,1,1,0,0,0,1,1,20,0,11
"Holland, Jonathan Bailey",0.02102826,29.45838801,I,734,LA,1,0,0,0,1,1000,1,1,1,0,0,0,1,1,20,0,11
"Ticheli, Frank",0.021024646,29.45838801,I,734,LA,1,0,0,0,1,1000,1,1,1,0,0,0,1,1,20,0,11
"Chávez, Carlos",0.020823629,29.45838801,I,734,LA,1,0,0,0,1,1000,1,1,1,0,0,0,1,1,20,0,11
"Beckel, Jim",0.020691835,29.45838801,I,734,LA,1,0,0,0,1,1000,1,1,1,0,0,0,1,1,20,0,11
"Guarnieri, Camargo",0.020691835,29.45838801,I,734,LA,1,0,0,0,1,1000,1,1,1,0,0,0,1,1,20,0,11
"Gould, Morton",0.020434846,29.45838801,I,734,LA,1,0,0,0,1,1000,1,1,1,0,0,0,1,1,20,0,11
"Izcaray, Carlos",0.020380148,29.45838801,I,734,LA,1,0,0,0,1,1000,1,1,1,0,0,0,1,1,20,0,11
"Tallis, Thomas",0.020028076,29.45838801,I,734,LA,1,0,0,0,1,1000,1,1,1,0,0,0,1,1,20,0,11
"Delius, Frederick",0.019957599,29.45838801,I,734,LA,1,0,0,0,1,1000,1,1,1,0,0,0,1,1,20,0,11
"Bloch, Ernest",0.019830746,29.45838801,I,734,LA,1,0,0,0,1,1000,1,1,1,0,0,0,1,1,20,0,11
"Grainger, Percy",0.019740188,29.45838801,I,734,LA,1,0,0,0,1,1000,1,1,1,0,0,0,1,1,20,0,11
"Boccherini, Luigi",0.019582409,29.45838801,I,734,LA,1,0,0,0,1,1000,1,1,1,0,0,0,1,1,20,0,11
"Suppé, Franz von",0.019328092,29.45838801,I,734,LA,1,0,0,0,1,1000,1,1,1,0,0,0,1,1,20,0,11
"Johnson, James Price",0.01914895,29.45838801,I,734,LA,1,0,0,0,1,1000,1,1,1,0,0,0,1,1,20,0,11
"Dooley, Paul",0.018702227,29.45838801,I,734,LA,1,0,0,0,1,1000,1,1,1,0,0,0,1,1,20,0,11
"Estévez, Antonio",0.018688689,29.45838801,I,734,LA,1,0,0,0,1,1000,1,1,1,0,0,0,1,1,20,0,11
"Fang, Man",0.018688689,29.45838801,I,734,LA,1,0,0,0,1,1000,1,1,1,0,0,0,1,1,20,0,11
"Harrison, Lou",0.018688689,29.45838801,I,734,LA,1,0,0,0,1,1000,1,1,1,0,0,0,1,1,20,0,11
"Higgins, Timothy",0.018688689,29.45838801,I,734,LA,1,0,0,0,1,1000,1,1,1,0,0,0,1,1,20,0,11
"Long, Zhou",0.018688689,29.45838801,I,734,LA,1,0,0,0,1,1000,1,1,1,0,0,0,1,1,20,0,11
"McLorin Salvant, Cécile",0.018688689,29.45838801,I,734,LA,1,0,0,0,1,1000,1,1,1,0,0,0,1,1,20,0,11
"Norment, Camille",0.018688689,29.45838801,I,734,LA,1,0,0,0,1,1000,1,1,1,0,0,0,1,1,20,0,11
"Pagh-Paan, Younghi",0.018688689,29.45838801,I,734,LA,1,0,0,0,1,1000,1,1,1,0,0,0,1,1,20,0,11
"Shorter, Wayne",0.018688689,29.45838801,I,734,LA,1,0,0,0,1,1000,1,1,1,0,0,0,1,1,20,0,11
"Stucky, Steven",0.018688689,29.45838801,I,734,LA,1,0,0,0,1,1000,1,1,1,0,0,0,1,1,20,0,11
"Yarnell, Carolyn",0.018688689,29.45838801,I,734,LA,1,0,0,0,1,1000,1,1,1,0,0,0,1,1,20,0,11
"Tate, Jerod",0.018669772,29.45838801,I,734,LA,1,0,0,0,1,1000,1,1,1,0,0,0,1,1,20,0,11
"Williams, Evan",0.018196545,29.45838801,I,734,LA,1,0,0,0,1,1000,1,1,1,0,0,0,1,1,20,0,11
"Hearne, Ted",0.018035838,29.45838801,I,734,LA,1,0,0,0,1,1000,1,1,1,0,0,0,1,1,20,0,11
"Holmes, Augusta",0.018035838,29.45838801,I,734,LA,1,0,0,0,1,1000,1,1,1,0,0,0,1,1,20,0,11
"Lindberg, Magnus",0.018035838,29.45838801,I,734,LA,1,0,0,0,1,1000,1,1,1,0,0,0,1,1,20,0,11
"Lyadov, Anatoly",0.018035838,29.45838801,I,734,LA,1,0,0,0,1,1000,1,1,1,0,0,0,1,1,20,0,11
"Webern, Anton",0.018035838,29.45838801,I,734,LA,1,0,0,0,1,1000,1,1,1,0,0,0,1,1,20,0,11
"Tarkiainen, Outi",0.017911165,29.45838801,I,734,LA,1,0,0,0,1,1000,1,1,1,0,0,0,1,1,20,0,11
"Al-Zand, Karim",0.017911165,29.45838801,I,734,LA,1,0,0,0,1,1000,1,1,1,0,0,0,1,1,20,0,11
"Bach, C.P.E.",0.017911165,29.45838801,I,734,LA,1,0,0,0,1,1000,1,1,1,0,0,0,1,1,20,0,11
"Ishibashi, Kaoru (Kishi Bashi)",0.017497107,29.45838801,I,734,LA,1,0,0,0,1,1000,1,1,1,0,0,0,1,1,20,0,11
"Beach, Amy",0.017136631,29.45838801,I,734,LA,1,0,0,0,1,1000,1,1,1,0,0,0,1,1,20,0,11
Bach/Webern,0.017053816,29.45838801,I,734,LA,1,0,0,0,1,1000,1,1,1,0,0,0,1,1,20,0,11
"Davis, Anthony",0.017053816,29.45838801,I,734,LA,1,0,0,0,1,1000,1,1,1,0,0,0,1,1,20,0,11
"Eastman, Julius",0.017053816,29.45838801,I,734,LA,1,0,0,0,1,1000,1,1,1,0,0,0,1,1,20,0,11
"Spears, Gregory",0.017053816,29.45838801,I,734,LA,1,0,0,0,1,1000,1,1,1,0,0,0,1,1,20,0,11
"Crawford Seeger, Ruth",0.017053816,29.45838801,I,734,LA,1,0,0,0,1,1000,1,1,1,0,0,0,1,1,20,0,11
"Martinaitytė, Žibuoklė",0.017053816,29.45838801,I,734,LA,1,0,0,0,1,1000,1,1,1,0,0,0,1,1,20,0,11
"Auznieks, Krists",0.016939999,29.45838801,I,734,LA,1,0,0,0,1,1000,1,1,1,0,0,0,1,1,20,0,11
"Buller, Mark",0.016939999,29.45838801,I,734,LA,1,0,0,0,1,1000,1,1,1,0,0,0,1,1,20,0,11
"Eötvös, Melody",0.016939999,29.45838801,I,734,LA,1,0,0,0,1,1000,1,1,1,0,0,0,1,1,20,0,11
"Gandolfi, Michael",0.016939999,29.45838801,I,734,LA,1,0,0,0,1,1000,1,1,1,0,0,0,1,1,20,0,11
"Gibson, Sarah",0.016939999,29.45838801,I,734,LA,1,0,0,0,1,1000,1,1,1,0,0,0,1,1,20,0,11
"Kurth, Michael",0.016939999,29.45838801,I,734,LA,1,0,0,0,1,1000,1,1,1,0,0,0,1,1,20,0,11
"Marcello, Benedetto",0.016939999,29.45838801,I,734,LA,1,0,0,0,1,1000,1,1,1,0,0,0,1,1,20,0,11
"Singleton, Alvin",0.016939999,29.45838801,I,734,LA,1,0,0,0,1,1000,1,1,1,0,0,0,1,1,20,0,11
"Strauss, Josef",0.016939999,29.45838801,I,734,LA,1,0,0,0,1,1000,1,1,1,0,0,0,1,1,20,0,11
"Vaňhal, Jan Křtitel",0.016939999,29.45838801,I,734,LA,1,0,0,0,1,1000,1,1,1,0,0,0,1,1,20,0,11
"Kabalevsky, Dmitri",0.016345299,29.45838801,I,734,LA,1,0,0,0,1,1000,1,1,1,0,0,0,1,1,20,0,11
"Turnbull, Stuart Murray",0.016149306,29.45838801,I,734,LA,1,0,0,0,1,1000,1,1,1,0,0,0,1,1,20,0,11
"Canteloube, Joseph",0.015956524,29.45838801,I,734,LA,1,0,0,0,1,1000,1,1,1,0,0,0,1,1,20,0,11
"Mochizuki, Misato",0.015956524,29.45838801,I,734,LA,1,0,0,0,1,1000,1,1,1,0,0,0,1,1,20,0,11
"Nathan, Eric",0.015956524,29.45838801,I,734,LA,1,0,0,0,1,1000,1,1,1,0,0,0,1,1,20,0,11
"Bancks, Jacob",0.015774157,29.45838801,I,734,LA,1,0,0,0,1,1000,1,1,1,0,0,0,1,1,20,0,11
"Hummel, Johann Nepomuk",0.015664228,29.45838801,I,734,LA,1,0,0,0,1,1000,1,1,1,0,0,0,1,1,20,0,11
"Bryan, Courtney",0.015648985,29.45838801,I,734,LA,1,0,0,0,1,1000,1,1,1,0,0,0,1,1,20,0,11
"Barfield, Anthony",0.015598865,29.45838801,I,734,LA,1,0,0,0,1,1000,1,1,1,0,0,0,1,1,20,0,11
"Smith, John Stafford",0.015505876,29.45838801,I,734,LA,1,0,0,0,1,1000,1,1,1,0,0,0,1,1,20,0,11
"Ramos Triano, Gloria-Isabel",0.015380121,29.45838801,I,734,LA,1,0,0,0,1,1000,1,1,1,0,0,0,1,1,20,0,11
"Martucci, Giuseppe",0.015380121,29.45838801,I,734,LA,1,0,0,0,1,1000,1,1,1,0,0,0,1,1,20,0,11
"Paganini, Niccolò",0.015380121,29.45838801,I,734,LA,1,0,0,0,1,1000,1,1,1,0,0,0,1,1,20,0,11
Strauss family,0.015380121,29.45838801,I,734,LA,1,0,0,0,1,1000,1,1,1,0,0,0,1,1,20,0,11
"Boyer, Peter",0.015163912,29.45838801,I,734,LA,1,0,0,0,1,1000,1,1,1,0,0,0,1,1,20,0,11
"Ruggles, Carl",0.015163912,29.45838801,I,734,LA,1,0,0,0,1,1000,1,1,1,0,0,0,1,1,20,0,11
"Tüür, Erkki-Sven",0.015163912,29.45838801,I,734,LA,1,0,0,0,1,1000,1,1,1,0,0,0,1,1,20,0,11
"Abrahamsen, Hans",0.015158551,29.45838801,I,734,LA,1,0,0,0,1,1000,1,1,1,0,0,0,1,1,20,0,11
"Deutsch, Bernd Richard",0.015158551,29.45838801,I,734,LA,1,0,0,0,1,1000,1,1,1,0,0,0,1,1,20,0,11
"Reinvere, Jüri",0.015158551,29.45838801,I,734,LA,1,0,0,0,1,1000,1,1,1,0,0,0,1,1,20,0,11
"Schnittke, Alfred",0.015158551,29.45838801,I,734,LA,1,0,0,0,1,1000,1,1,1,0,0,0,1,1,20,0,11
"Bjarnason, Daniel",0.014905933,29.45838801,I,734,LA,1,0,0,0,1,1000,1,1,1,0,0,0,1,1,20,0,11
"Cortés-Álvarez, Francisco",0.014905933,29.45838801,I,734,LA,1,0,0,0,1,1000,1,1,1,0,0,0,1,1,20,0,11
"D'netto, Connor",0.014905933,29.45838801,I,734,LA,1,0,0,0,1,1000,1,1,1,0,0,0,1,1,20,0,11
"Farías, Miguel",0.014905933,29.45838801,I,734,LA,1,0,0,0,1,1000,1,1,1,0,0,0,1,1,20,0,11
"Garrido-Lecca, Gonzalo",0.014905933,29.45838801,I,734,LA,1,0,0,0,1,1000,1,1,1,0,0,0,1,1,20,0,11
"Lorenz, Ricardo",0.014905933,29.45838801,I,734,LA,1,0,0,0,1,1000,1,1,1,0,0,0,1,1,20,0,11
"Mackey, Steven",0.014905933,29.45838801,I,734,LA,1,0,0,0,1,1000,1,1,1,0,0,0,1,1,20,0,11
"Nante, Alex",0.014905933,29.45838801,I,734,LA,1,0,0,0,1,1000,1,1,1,0,0,0,1,1,20,0,11
"Harlin, Patrick",0.014823022,29.45838801,I,734,LA,1,0,0,0,1,1000,1,1,1,0,0,0,1,1,20,0,11
"Adler, Samuel",0.014791326,29.45838801,I,734,LA,1,0,0,0,1,1000,1,1,1,0,0,0,1,1,20,0,11
"Bonis, Mélanie",0.014791326,29.45838801,I,734,LA,1,0,0,0,1,1000,1,1,1,0,0,0,1,1,20,0,11
"Schmitt, Florent",0.014791326,29.45838801,I,734,LA,1,0,0,0,1,1000,1,1,1,0,0,0,1,1,20,0,11
"Schwantner, Joseph",0.014791326,29.45838801,I,734,LA,1,0,0,0,1,1000,1,1,1,0,0,0,1,1,20,0,11
"Scott, Jeffrey",0.014791326,29.45838801,I,734,LA,1,0,0,0,1,1000,1,1,1,0,0,0,1,1,20,0,11
"Tubin, Eduard",0.01470994,29.45838801,I,734,LA,1,0,0,0,1,1000,1,1,1,0,0,0,1,1,20,0,11
"Brahms, Johannes (arr. Schoënberg, Arnold)",0.014689188,29.45838801,I,734,LA,1,0,0,0,1,1000,1,1,1,0,0,0,1,1,20,0,11
"Brouwer, Leo",0.014689188,29.45838801,I,734,LA,1,0,0,0,1,1000,1,1,1,0,0,0,1,1,20,0,11
"Bunch, Kenji",0.014689188,29.45838801,I,734,LA,1,0,0,0,1,1000,1,1,1,0,0,0,1,1,20,0,11
"Holloway, Robin",0.014689188,29.45838801,I,734,LA,1,0,0,0,1,1000,1,1,1,0,0,0,1,1,20,0,11
"Say, Fazil",0.014689188,29.45838801,I,734,LA,1,0,0,0,1,1000,1,1,1,0,0,0,1,1,20,0,11
"Moncayo, José Pablo",0.014356802,29.45838801,I,734,LA,1,0,0,0,1,1000,1,1,1,0,0,0,1,1,20,0,11
"Aho, Kalevi",0.014279395,29.45838801,I,734,LA,1,0,0,0,1,1000,1,1,1,0,0,0,1,1,20,0,11
"Kuusisto, Jaakko",0.014279395,29.45838801,I,734,LA,1,0,0,0,1,1000,1,1,1,0,0,0,1,1,20,0,11
"Shin, Donghoon",0.014279395,29.45838801,I,734,LA,1,0,0,0,1,1000,1,1,1,0,0,0,1,1,20,0,11
"Szymanowski, Karol",0.014279395,29.45838801,I,734,LA,1,0,0,0,1,1000,1,1,1,0,0,0,1,1,20,0,11
"Basulto, Alejandro",0.013989905,29.45838801,I,734,LA,1,0,0,0,1,1000,1,1,1,0,0,0,1,1,20,0,11
"Adolphe, Bruce",0.013975002,29.45838801,I,734,LA,1,0,0,0,1,1000,1,1,1,0,0,0,1,1,20,0,11
"Converse, Frederick",0.013975002,29.45838801,I,734,LA,1,0,0,0,1,1000,1,1,1,0,0,0,1,1,20,0,11
"Schmidt, Franz",0.013975002,29.45838801,I,734,LA,1,0,0,0,1,1000,1,1,1,0,0,0,1,1,20,0,11
"von Einem, Gottfried",0.013975002,29.45838801,I,734,LA,1,0,0,0,1,1000,1,1,1,0,0,0,1,1,20,0,11
Xi Wang,0.013975002,29.45838801,I,734,LA,1,0,0,0,1,1000,1,1,1,0,0,0,1,1,20,0,11
"Borne, François (Arr. Najfar)",0.013900878,29.45838801,I,734,LA,1,0,0,0,1,1000,1,1,1,0,0,0,1,1,20,0,11
"Farrell, Christopher",0.013900878,29.45838801,I,734,LA,1,0,0,0,1,1000,1,1,1,0,0,0,1,1,20,0,11
"Herbert, Philip",0.013900878,29.45838801,I,734,LA,1,0,0,0,1,1000,1,1,1,0,0,0,1,1,20,0,11
"Larsson, Lars-Erik",0.013900878,29.45838801,I,734,LA,1,0,0,0,1,1000,1,1,1,0,0,0,1,1,20,0,11
"Warnaar, Brad",0.013900878,29.45838801,I,734,LA,1,0,0,0,1,1000,1,1,1,0,0,0,1,1,20,0,11
"Winger, Kip",0.013900878,29.45838801,I,734,LA,1,0,0,0,1,1000,1,1,1,0,0,0,1,1,20,0,11
"Fuchs, Kenneth",0.013734392,29.45838801,I,734,LA,1,0,0,0,1,1000,1,1,1,0,0,0,1,1,20,0,11
"Hagen, Daron",0.013734392,29.45838801,I,734,LA,1,0,0,0,1,1000,1,1,1,0,0,0,1,1,20,0,11
"Platt, Russell",0.013734392,29.45838801,I,734,LA,1,0,0,0,1,1000,1,1,1,0,0,0,1,1,20,0,11
"de Cusatis, Nathan Lincoln",0.013572477,29.45838801,I,734,LA,1,0,0,0,1,1000,1,1,1,0,0,0,1,1,20,0,11
"Lima, Paulo Costa",0.013572477,29.45838801,I,734,LA,1,0,0,0,1,1000,1,1,1,0,0,0,1,1,20,0,11
"Sierra, Arlene",0.013572477,29.45838801,I,734,LA,1,0,0,0,1,1000,1,1,1,0,0,0,1,1,20,0,11
"Flores, Pacho",0.013570753,29.45838801,I,734,LA,1,0,0,0,1,1000,1,1,1,0,0,0,1,1,20,0,11
"Hassler, Hans Leo",0.013570753,29.45838801,I,734,LA,1,0,0,0,1,1000,1,1,1,0,0,0,1,1,20,0,11
"Muczynski, Robert",0.013570753,29.45838801,I,734,LA,1,0,0,0,1,1000,1,1,1,0,0,0,1,1,20,0,11
"Oscher, Efraín",0.013570753,29.45838801,I,734,LA,1,0,0,0,1,1000,1,1,1,0,0,0,1,1,20,0,11
"Thai, Claire",0.013570753,29.45838801,I,734,LA,1,0,0,0,1,1000,1,1,1,0,0,0,1,1,20,0,11
Tomas Luis de Victoria,0.013570753,29.45838801,I,734,LA,1,0,0,0,1,1000,1,1,1,0,0,0,1,1,20,0,11
"Bostic, Kathryn",0.013478594,29.45838801,I,734,LA,1,0,0,0,1,1000,1,1,1,0,0,0,1,1,20,0,11
"Janáček, Leoš",0.01328856,29.45838801,I,734,LA,1,0,0,0,1,1000,1,1,1,0,0,0,1,1,20,0,11
"Rands, Bernard",0.01328856,29.45838801,I,734,LA,1,0,0,0,1,1000,1,1,1,0,0,0,1,1,20,0,11
"Wooten, Victor",0.01328856,29.45838801,I,734,LA,1,0,0,0,1,1000,1,1,1,0,0,0,1,1,20,0,11
"Gottschalk, Louis Moreau",0.013009313,29.45838801,I,734,LA,1,0,0,0,1,1000,1,1,1,0,0,0,1,1,20,0,11
"Kelley, Anthony",0.012877727,29.45838801,I,734,LA,1,0,0,0,1,1000,1,1,1,0,0,0,1,1,20,0,11
"Musgrave, Theo",0.012877727,29.45838801,I,734,LA,1,0,0,0,1,1000,1,1,1,0,0,0,1,1,20,0,11
"Williams, Mary Lou",0.012877727,29.45838801,I,734,LA,1,0,0,0,1,1000,1,1,1,0,0,0,1,1,20,0,11
"Auerbach, Lera",0.012819941,29.45838801,I,734,LA,1,0,0,0,1,1000,1,1,1,0,0,0,1,1,20,0,11
"Blacher, Boris",0.012819941,29.45838801,I,734,LA,1,0,0,0,1,1000,1,1,1,0,0,0,1,1,20,0,11
"Carlos Gomes, Antônio",0.012599735,29.45838801,I,734,LA,1,0,0,0,1,1000,1,1,1,0,0,0,1,1,20,0,11
"Zisser, Na'ama",0.012599735,29.45838801,I,734,LA,1,0,0,0,1,1000,1,1,1,0,0,0,1,1,20,0,11
"Brouwer, Margaret",0.012360586,29.45838801,I,734,LA,1,0,0,0,1,1000,1,1,1,0,0,0,1,1,20,0,11
"Dove, Jonathan",0.012360586,29.45838801,I,734,LA,1,0,0,0,1,1000,1,1,1,0,0,0,1,1,20,0,11
"Joplin, Scott",0.012360586,29.45838801,I,734,LA,1,0,0,0,1,1000,1,1,1,0,0,0,1,1,20,0,11
"Lowden, Robert",0.012360586,29.45838801,I,734,LA,1,0,0,0,1,1000,1,1,1,0,0,0,1,1,20,0,11
"Mercadante, Saverio",0.012360586,29.45838801,I,734,LA,1,0,0,0,1,1000,1,1,1,0,0,0,1,1,20,0,11
"Sousa, John Phillip",0.012360586,29.45838801,I,734,LA,1,0,0,0,1,1000,1,1,1,0,0,0,1,1,20,0,11
"Jacobsen, Colin & Aghaei, Siamak",0.01212851,29.45838801,I,734,LA,1,0,0,0,1,1000,1,1,1,0,0,0,1,1,20,0,11
"Wijeratne, Dinuk",0.011935861,29.45838801,I,734,LA,1,0,0,0,1,1000,1,1,1,0,0,0,1,1,20,0,11
"Theofanidis, Christopher",0.01177974,29.45838801,I,734,LA,1,0,0,0,1,1000,1,1,1,0,0,0,1,1,20,0,11
JP Jofre,0.01160213,29.45838801,I,734,LA,1,0,0,0,1,1000,1,1,1,0,0,0,1,1,20,0,11
"Roumain, Daniel Bernard",0.01160213,29.45838801,I,734,LA,1,0,0,0,1,1000,1,1,1,0,0,0,1,1,20,0,11
Various,0.01160213,29.45838801,I,734,LA,1,0,0,0,1,1000,1,1,1,0,0,0,1,1,20,0,11
"Day, Kevin",0.011527735,29.45838801,I,734,LA,1,0,0,0,1,1000,1,1,1,0,0,0,1,1,20,0,11
"Dorman, Avner",0.011527735,29.45838801,I,734,LA,1,0,0,0,1,1000,1,1,1,0,0,0,1,1,20,0,11
"Herbert, Victor",0.011527735,29.45838801,I,734,LA,1,0,0,0,1,1000,1,1,1,0,0,0,1,1,20,0,11
"Hosokawa, Toshio",0.011527735,29.45838801,I,734,LA,1,0,0,0,1,1000,1,1,1,0,0,0,1,1,20,0,11
"Moberg, Ida",0.011527735,29.45838801,I,734,LA,1,0,0,0,1,1000,1,1,1,0,0,0,1,1,20,0,11
"Rautavaara, Einojuhani",0.011527735,29.45838801,I,734,LA,1,0,0,0,1,1000,1,1,1,0,0,0,1,1,20,0,11
"Ronchetti, Lucia",0.011527735,29.45838801,I,734,LA,1,0,0,0,1,1000,1,1,1,0,0,0,1,1,20,0,11
"Rózsa, Miklós",0.011527735,29.45838801,I,734,LA,1,0,0,0,1,1000,1,1,1,0,0,0,1,1,20,0,11
"Berio, Luciano",0.011342271,29.45838801,I,734,LA,1,0,0,0,1,1000,1,1,1,0,0,0,1,1,20,0,11
"Coll, Francisco",0.011342271,29.45838801,I,734,LA,1,0,0,0,1,1000,1,1,1,0,0,0,1,1,20,0,11
"Dean, Brett",0.011342271,29.45838801,I,734,LA,1,0,0,0,1,1000,1,1,1,0,0,0,1,1,20,0,11
"Dietterich, Natalie",0.011342271,29.45838801,I,734,LA,1,0,0,0,1,1000,1,1,1,0,0,0,1,1,20,0,11
"Steen-Andersen, Simon",0.011342271,29.45838801,I,734,LA,1,0,0,0,1,1000,1,1,1,0,0,0,1,1,20,0,11
"Stenhammar, Wilhelm",0.011342271,29.45838801,I,734,LA,1,0,0,0,1,1000,1,1,1,0,0,0,1,1,20,0,11
"Cole, T.J.",0.011280712,29.45838801,I,734,LA,1,0,0,0,1,1000,1,1,1,0,0,0,1,1,20,0,11
"Cox, Cindy",0.011280712,29.45838801,I,734,LA,1,0,0,0,1,1000,1,1,1,0,0,0,1,1,20,0,11
"d'Indy, Vincent",0.011280712,29.45838801,I,734,LA,1,0,0,0,1,1000,1,1,1,0,0,0,1,1,20,0,11
"D'Rivera, Paquito",0.011280712,29.45838801,I,734,LA,1,0,0,0,1,1000,1,1,1,0,0,0,1,1,20,0,11
"French, PaviElle",0.011280712,29.45838801,I,734,LA,1,0,0,0,1,1000,1,1,1,0,0,0,1,1,20,0,11
"Hartmann, Karl",0.011280712,29.45838801,I,734,LA,1,0,0,0,1,1000,1,1,1,0,0,0,1,1,20,0,11
"Lawes, William",0.011280712,29.45838801,I,734,LA,1,0,0,0,1,1000,1,1,1,0,0,0,1,1,20,0,11
"Lucas, William",0.011280712,29.45838801,I,734,LA,1,0,0,0,1,1000,1,1,1,0,0,0,1,1,20,0,11
"Macklay, Sky",0.011280712,29.45838801,I,734,LA,1,0,0,0,1,1000,1,1,1,0,0,0,1,1,20,0,11
"Platti, Benedetto Giovanni",0.011280712,29.45838801,I,734,LA,1,0,0,0,1,1000,1,1,1,0,0,0,1,1,20,0,11
"Sollima, Giovanni",0.011280712,29.45838801,I,734,LA,1,0,0,0,1,1000,1,1,1,0,0,0,1,1,20,0,11
"Bach, J.S./Ferree",0.011280712,29.45838801,I,734,LA,1,0,0,0,1,1000,1,1,1,0,0,0,1,1,20,0,11
"Davis, Tyson",0.011280712,29.45838801,I,734,LA,1,0,0,0,1,1000,1,1,1,0,0,0,1,1,20,0,11
"Marais, Marin",0.011280712,29.45838801,I,734,LA,1,0,0,0,1,1000,1,1,1,0,0,0,1,1,20,0,11
"Selaocoe, Abel arr.",0.011280712,29.45838801,I,734,LA,1,0,0,0,1,1000,1,1,1,0,0,0,1,1,20,0,11
"Vasks, Pēteris",0.011280712,29.45838801,I,734,LA,1,0,0,0,1,1000,1,1,1,0,0,0,1,1,20,0,11
"Wiancko, Michi",0.011280712,29.45838801,I,734,LA,1,0,0,0,1,1000,1,1,1,0,0,0,1,1,20,0,11
"Anderson, David",0.011235746,29.45838801,I,734,LA,1,0,0,0,1,1000,1,1,1,0,0,0,1,1,20,0,11
"Okoye, Nkeiru",0.011235746,29.45838801,I,734,LA,1,0,0,0,1,1000,1,1,1,0,0,0,1,1,20,0,11
"Weigel, Jay",0.011235746,29.45838801,I,734,LA,1,0,0,0,1,1000,1,1,1,0,0,0,1,1,20,0,11
"Weston, Trevor",0.011235746,29.45838801,I,734,LA,1,0,0,0,1,1000,1,1,1,0,0,0,1,1,20,0,11
"Rutter, John",0.011148727,29.45838801,I,734,LA,1,0,0,0,1,1000,1,1,1,0,0,0,1,1,20,0,11
"Ponce, Manuel",0.011101776,29.45838801,I,734,LA,1,0,0,0,1,1000,1,1,1,0,0,0,1,1,20,0,11
"Arnold, Malcolm",0.011041322,29.45838801,I,734,LA,1,0,0,0,1,1000,1,1,1,0,0,0,1,1,20,0,11
"Borisova-Ollas, Victoria",0.011041322,29.45838801,I,734,LA,1,0,0,0,1,1000,1,1,1,0,0,0,1,1,20,0,11
"Currier, Sebastian",0.010913753,29.45838801,I,734,LA,1,0,0,0,1,1000,1,1,1,0,0,0,1,1,20,0,11
Kinds of Kings**,0.010913753,29.45838801,I,734,LA,1,0,0,0,1,1000,1,1,1,0,0,0,1,1,20,0,11
"Neruda, Johann Baptist Georg",0.010913753,29.45838801,I,734,LA,1,0,0,0,1,1000,1,1,1,0,0,0,1,1,20,0,11
"Meredith, Anna",0.010913753,29.45838801,I,734,LA,1,0,0,0,1,1000,1,1,1,0,0,0,1,1,20,0,11
"Norman, Andrew",0.010913753,29.45838801,I,734,LA,1,0,0,0,1,1000,1,1,1,0,0,0,1,1,20,0,11
"Pintscher, Mathias",0.010913753,29.45838801,I,734,LA,1,0,0,0,1,1000,1,1,1,0,0,0,1,1,20,0,11
"Simpson, Mark",0.010913753,29.45838801,I,734,LA,1,0,0,0,1,1000,1,1,1,0,0,0,1,1,20,0,11
"Browne, Matthew",0.010846782,29.45838801,I,734,LA,1,0,0,0,1,1000,1,1,1,0,0,0,1,1,20,0,11
"Reinkemeyer, Andrea",0.010846782,29.45838801,I,734,LA,1,0,0,0,1,1000,1,1,1,0,0,0,1,1,20,0,11
"Schiff, David",0.010846782,29.45838801,I,734,LA,1,0,0,0,1,1000,1,1,1,0,0,0,1,1,20,0,11
He/Chen,0.010828772,29.45838801,I,734,LA,1,0,0,0,1,1000,1,1,1,0,0,0,1,1,20,0,11
"Jenkins, Karl",0.010382245,29.45838801,I,734,LA,1,0,0,0,1,1000,1,1,1,0,0,0,1,1,20,0,11
"Johnson, Craig Hella",0.010382245,29.45838801,I,734,LA,1,0,0,0,1,1000,1,1,1,0,0,0,1,1,20,0,11
"Markowski, Michael",0.010382245,29.45838801,I,734,LA,1,0,0,0,1,1000,1,1,1,0,0,0,1,1,20,0,11
"Moya, Reinaldo",0.010366799,29.45838801,I,734,LA,1,0,0,0,1,1000,1,1,1,0,0,0,1,1,20,0,11
"Miller, Jared",0.010185311,29.45838801,I,734,LA,1,0,0,0,1,1000,1,1,1,0,0,0,1,1,20,0,11
"Sparr, D.J.",0.010021826,29.45838801,I,734,LA,1,0,0,0,1,1000,1,1,1,0,0,0,1,1,20,0,11
"Hart, Edward",0.009906841,29.45838801,I,734,LA,1,0,0,0,1,1000,1,1,1,0,0,0,1,1,20,0,11
"Jacob, Gordon",0.009906841,29.45838801,I,734,LA,1,0,0,0,1,1000,1,1,1,0,0,0,1,1,20,0,11
"Brown, Michael",0.009881837,29.45838801,I,734,LA,1,0,0,0,1,1000,1,1,1,0,0,0,1,1,20,0,11
"Agudelo, Victor",0.009864549,29.45838801,I,734,LA,1,0,0,0,1,1000,1,1,1,0,0,0,1,1,20,0,11
"Tomasi, Henri",0.009864549,29.45838801,I,734,LA,1,0,0,0,1,1000,1,1,1,0,0,0,1,1,20,0,11
"Agnes, Fáncsik Veronika",0.009864549,29.45838801,I,734,LA,1,0,0,0,1,1000,1,1,1,0,0,0,1,1,20,0,11
"Bach, J.S./Respighi",0.009864549,29.45838801,I,734,LA,1,0,0,0,1,1000,1,1,1,0,0,0,1,1,20,0,11
"Carreño, Inocente",0.009842765,29.45838801,I,734,LA,1,0,0,0,1,1000,1,1,1,0,0,0,1,1,20,0,11
"Ippolito, Michael",0.009842765,29.45838801,I,734,LA,1,0,0,0,1,1000,1,1,1,0,0,0,1,1,20,0,11
"MacMillan, James",0.009842765,29.45838801,I,734,LA,1,0,0,0,1,1000,1,1,1,0,0,0,1,1,20,0,11
"Oquin, Wayne",0.009842765,29.45838801,I,734,LA,1,0,0,0,1,1000,1,1,1,0,0,0,1,1,20,0,11
"O’regan, Tarik",0.009554545,29.45838801,I,734,LA,1,0,0,0,1,1000,1,1,1,0,0,0,1,1,20,0,11
"Górecki, Henryk",0.009533365,29.45838801,I,734,LA,1,0,0,0,1,1000,1,1,1,0,0,0,1,1,20,0,11
"Krauze, Zygmunt",0.009533365,29.45838801,I,734,LA,1,0,0,0,1,1000,1,1,1,0,0,0,1,1,20,0,11
"Karłowicz, Mieczysław",0.009533365,29.45838801,I,734,LA,1,0,0,0,1,1000,1,1,1,0,0,0,1,1,20,0,11
"Zigman, Aaron",0.009533365,29.45838801,I,734,LA,1,0,0,0,1,1000,1,1,1,0,0,0,1,1,20,0,11
"Berwald, Franz Adolf",0.009295894,29.45838801,I,734,LA,1,0,0,0,1,1000,1,1,1,0,0,0,1,1,20,0,11
"Suk, Josef",0.009295894,29.45838801,I,734,LA,1,0,0,0,1,1000,1,1,1,0,0,0,1,1,20,0,11
"Galindo, Blas",0.009295894,29.45838801,I,734,LA,1,0,0,0,1,1000,1,1,1,0,0,0,1,1,20,0,11
"Bridgetower, George",0.009285923,29.45838801,I,734,LA,1,0,0,0,1,1000,1,1,1,0,0,0,1,1,20,0,11
"Cook, Will Marion",0.00923349,29.45838801,I,734,LA,1,0,0,0,1,1000,1,1,1,0,0,0,1,1,20,0,11
"Fisher, Salina",0.0090026,29.45838801,I,734,LA,1,0,0,0,1,1000,1,1,1,0,0,0,1,1,20,0,11
"Mathieu, Andre",0.0090026,29.45838801,I,734,LA,1,0,0,0,1,1000,1,1,1,0,0,0,1,1,20,0,11
"Trudel, Alain",0.0090026,29.45838801,I,734,LA,1,0,0,0,1,1000,1,1,1,0,0,0,1,1,20,0,11
"Dietz, Christopher",0.0090026,29.45838801,I,734,LA,1,0,0,0,1,1000,1,1,1,0,0,0,1,1,20,0,11
"Arriaga, Juan Crisóstomo de,",0.008744077,29.45838801,I,734,LA,1,0,0,0,1,1000,1,1,1,0,0,0,1,1,20,0,11
"Watkins, Mary D.",0.008744077,29.45838801,I,734,LA,1,0,0,0,1,1000,1,1,1,0,0,0,1,1,20,0,11
"Beck, Crafton",0.00864834,29.45838801,I,734,LA,1,0,0,0,1,1000,1,1,1,0,0,0,1,1,20,0,11
"Johnson, James Weldon",0.008628524,29.45838801,I,734,LA,1,0,0,0,1,1000,1,1,1,0,0,0,1,1,20,0,11
"Wagner, Melinda",0.008628524,29.45838801,I,734,LA,1,0,0,0,1,1000,1,1,1,0,0,0,1,1,20,0,11
"Harberg, Amanda",0.008628524,29.45838801,I,734,LA,1,0,0,0,1,1000,1,1,1,0,0,0,1,1,20,0,11
"Holcomb, Robin",0.008628524,29.45838801,I,734,LA,1,0,0,0,1,1000,1,1,1,0,0,0,1,1,20,0,11
"Bridges, KiMani",0.008507719,29.45838801,I,734,LA,1,0,0,0,1,1000,1,1,1,0,0,0,1,1,20,0,11
"Dett, R. Nathaniel",0.008507719,29.45838801,I,734,LA,1,0,0,0,1,1000,1,1,1,0,0,0,1,1,20,0,11
"Toch, Ernst",0.008507719,29.45838801,I,734,LA,1,0,0,0,1,1000,1,1,1,0,0,0,1,1,20,0,11
"Prieto, Dafnis",0.008507719,29.45838801,I,734,LA,1,0,0,0,1,1000,1,1,1,0,0,0,1,1,20,0,11
"Boyd, Stephanie Ann",0.008410039,29.45838801,I,734,LA,1,0,0,0,1,1000,1,1,1,0,0,0,1,1,20,0,11
"Tcherepnin, Nikolai",0.008385179,29.45838801,I,734,LA,1,0,0,0,1,1000,1,1,1,0,0,0,1,1,20,0,11
"Glück, Christoph Willibald",0.008385179,29.45838801,I,734,LA,1,0,0,0,1,1000,1,1,1,0,0,0,1,1,20,0,11
"McKay, George Frederick",0.008385179,29.45838801,I,734,LA,1,0,0,0,1,1000,1,1,1,0,0,0,1,1,20,0,11
"Banducci, Brett",0.008301697,29.45838801,I,734,LA,1,0,0,0,1,1000,1,1,1,0,0,0,1,1,20,0,11
"Davids, Brent Michael",0.008301697,29.45838801,I,734,LA,1,0,0,0,1,1000,1,1,1,0,0,0,1,1,20,0,11
"Jackfert, Matthew",0.008239468,29.45838801,I,734,LA,1,0,0,0,1,1000,1,1,1,0,0,0,1,1,20,0,11
"Kropf, Michael",0.008225494,29.45838801,I,734,LA,1,0,0,0,1,1000,1,1,1,0,0,0,1,1,20,0,11
"Sheng, Bright",0.008225494,29.45838801,I,734,LA,1,0,0,0,1,1000,1,1,1,0,0,0,1,1,20,0,11
"Neustadter, Garth",0.008172287,29.45838801,I,734,LA,1,0,0,0,1,1000,1,1,1,0,0,0,1,1,20,0,11
"Waxman, Franz",0.008172287,29.45838801,I,734,LA,1,0,0,0,1,1000,1,1,1,0,0,0,1,1,20,0,11
"Carter, Ryan",0.008172287,29.45838801,I,734,LA,1,0,0,0,1,1000,1,1,1,0,0,0,1,1,20,0,11
"Houghton, Monica",0.007983638,29.45838801,I,734,LA,1,0,0,0,1,1000,1,1,1,0,0,0,1,1,20,0,11
"Kennedy, Martin",0.007950108,29.45838801,I,734,LA,1,0,0,0,1,1000,1,1,1,0,0,0,1,1,20,0,11
"Lamb, Alexis",0.007841378,29.45838801,I,734,LA,1,0,0,0,1,1000,1,1,1,0,0,0,1,1,20,0,11
"Tsontakis, George",0.007841378,29.45838801,I,734,LA,1,0,0,0,1,1000,1,1,1,0,0,0,1,1,20,0,11
"Karpman, Laura",0.007732422,29.45838801,I,734,LA,1,0,0,0,1,1000,1,1,1,0,0,0,1,1,20,0,11
"Shankar, Ravi",0.007732422,29.45838801,I,734,LA,1,0,0,0,1,1000,1,1,1,0,0,0,1,1,20,0,11
"Danielpour, Richard",0.00764332,29.45838801,I,734,LA,1,0,0,0,1,1000,1,1,1,0,0,0,1,1,20,0,11
"Rushen, Patrice",0.00764332,29.45838801,I,734,LA,1,0,0,0,1,1000,1,1,1,0,0,0,1,1,20,0,11
"Lee, Scott",0.007622215,29.45838801,I,734,LA,1,0,0,0,1,1000,1,1,1,0,0,0,1,1,20,0,11
"DeMars, James",0.007621215,29.45838801,I,734,LA,1,0,0,0,1,1000,1,1,1,0,0,0,1,1,20,0,11
"McKay, Dosia",0.007621215,29.45838801,I,734,LA,1,0,0,0,1,1000,1,1,1,0,0,0,1,1,20,0,11
"Schachter, Michael",0.007621215,29.45838801,I,734,LA,1,0,0,0,1,1000,1,1,1,0,0,0,1,1,20,0,11
"Nazaykinskaya, Polina",0.007573012,29.45838801,I,734,LA,1,0,0,0,1,1000,1,1,1,0,0,0,1,1,20,0,11
"Allegri, Gregorio",0.007573012,29.45838801,I,734,LA,1,0,0,0,1,1000,1,1,1,0,0,0,1,1,20,0,11
"Bingen, Hildegard von",0.007573012,29.45838801,I,734,LA,1,0,0,0,1,1000,1,1,1,0,0,0,1,1,20,0,11
"Urbaitis, Mindaugas",0.007573012,29.45838801,I,734,LA,1,0,0,0,1,1000,1,1,1,0,0,0,1,1,20,0,11
"Krakauer, David (arr.)",0.007424685,29.45838801,I,734,LA,1,0,0,0,1,1000,1,1,1,0,0,0,1,1,20,0,11
"Krakauer, David & Tagg, Kathleen",0.007424685,29.45838801,I,734,LA,1,0,0,0,1,1000,1,1,1,0,0,0,1,1,20,0,11
"Guŏnadóttir, Hildur",0.007424685,29.45838801,I,734,LA,1,0,0,0,1,1000,1,1,1,0,0,0,1,1,20,0,11
"Ardizzoia, Andrew",0.007333589,29.45838801,I,734,LA,1,0,0,0,1,1000,1,1,1,0,0,0,1,1,20,0,11
"Guzzo, Anne",0.007333589,29.45838801,I,734,LA,1,0,0,0,1,1000,1,1,1,0,0,0,1,1,20,0,11
"Kraft, William",0.007333589,29.45838801,I,734,LA,1,0,0,0,1,1000,1,1,1,0,0,0,1,1,20,0,11
"Navarro, Oscar",0.007327696,29.45838801,I,734,LA,1,0,0,0,1,1000,1,1,1,0,0,0,1,1,20,0,11
"Navarro, Óscar",0.007327696,29.45838801,I,734,LA,1,0,0,0,1,1000,1,1,1,0,0,0,1,1,20,0,11
"Previn, Andre",0.007293869,29.45838801,I,734,LA,1,0,0,0,1,1000,1,1,1,0,0,0,1,1,20,0,11
"Soro, Enrique",0.007293869,29.45838801,I,734,LA,1,0,0,0,1,1000,1,1,1,0,0,0,1,1,20,0,11
"Start, Elizabeth",0.007293869,29.45838801,I,734,LA,1,0,0,0,1,1000,1,1,1,0,0,0,1,1,20,0,11
"Martines, Marianna",0.007163308,29.45838801,I,734,LA,1,0,0,0,1,1000,1,1,1,0,0,0,1,1,20,0,11
"Balch, Katie",0.007163308,29.45838801,I,734,LA,1,0,0,0,1,1000,1,1,1,0,0,0,1,1,20,0,11
"Dudley, Buck",0.007145632,29.45838801,I,734,LA,1,0,0,0,1,1000,1,1,1,0,0,0,1,1,20,0,11
"Gabrieli, Giovanni",0.007142037,29.45838801,I,734,LA,1,0,0,0,1,1000,1,1,1,0,0,0,1,1,20,0,11
"Kilpatrick, Jack",0.007142037,29.45838801,I,734,LA,1,0,0,0,1,1000,1,1,1,0,0,0,1,1,20,0,11
"Powell, Rosephanye",0.007142037,29.45838801,I,734,LA,1,0,0,0,1,1000,1,1,1,0,0,0,1,1,20,0,11
"Biber, Heinrich Ignaz Franz",0.007142037,29.45838801,I,734,LA,1,0,0,0,1,1000,1,1,1,0,0,0,1,1,20,0,11
"Spiva Jr., Derrick",0.007089668,29.45838801,I,734,LA,1,0,0,0,1,1000,1,1,1,0,0,0,1,1,20,0,11
"Chausson, Ernest",0.006856883,29.45838801,I,734,LA,1,0,0,0,1,1000,1,1,1,0,0,0,1,1,20,0,11
"Eryılmaz, Erberk",0.006856883,29.45838801,I,734,LA,1,0,0,0,1,1000,1,1,1,0,0,0,1,1,20,0,11
"Peterson, Russell",0.006856883,29.45838801,I,734,LA,1,0,0,0,1,1000,1,1,1,0,0,0,1,1,20,0,11
"Briggs, Roger",0.006839385,29.45838801,I,734,LA,1,0,0,0,1,1000,1,1,1,0,0,0,1,1,20,0,11
"Bilik, Jerry",0.006829928,29.45838801,I,734,LA,1,0,0,0,1,1000,1,1,1,0,0,0,1,1,20,0,11
"Donizetti, Gaetano",0.006829928,29.45838801,I,734,LA,1,0,0,0,1,1000,1,1,1,0,0,0,1,1,20,0,11
"Morris, Alyssa",0.006829928,29.45838801,I,734,LA,1,0,0,0,1,1000,1,1,1,0,0,0,1,1,20,0,11
"Riegger, Wallingford",0.006829928,29.45838801,I,734,LA,1,0,0,0,1,1000,1,1,1,0,0,0,1,1,20,0,11
"Salieri, Antonio",0.006829928,29.45838801,I,734,LA,1,0,0,0,1,1000,1,1,1,0,0,0,1,1,20,0,11
"Stölzel, Ingrid",0.006803277,29.45838801,I,734,LA,1,0,0,0,1,1000,1,1,1,0,0,0,1,1,20,0,11
"Tailleferre, Germaine",0.006803277,29.45838801,I,734,LA,1,0,0,0,1,1000,1,1,1,0,0,0,1,1,20,0,11
"Childs, Billy",0.006750593,29.45838801,I,734,LA,1,0,0,0,1,1000,1,1,1,0,0,0,1,1,20,0,11
"Guilmant, Alexandre",0.006745329,29.45838801,I,734,LA,1,0,0,0,1,1000,1,1,1,0,0,0,1,1,20,0,11
"Pollock, Frances",0.006745329,29.45838801,I,734,LA,1,0,0,0,1,1000,1,1,1,0,0,0,1,1,20,0,11
"Hunt, Jessica",0.006648279,29.45838801,I,734,LA,1,0,0,0,1,1000,1,1,1,0,0,0,1,1,20,0,11
"Brown, Dan",0.006594919,29.45838801,I,734,LA,1,0,0,0,1,1000,1,1,1,0,0,0,1,1,20,0,11
"Palomar, Enric",0.006594919,29.45838801,I,734,LA,1,0,0,0,1,1000,1,1,1,0,0,0,1,1,20,0,11
"Sonenberg, Daniel",0.006594919,29.45838801,I,734,LA,1,0,0,0,1,1000,1,1,1,0,0,0,1,1,20,0,11
"Tanaka, Karen",0.006594919,29.45838801,I,734,LA,1,0,0,0,1,1000,1,1,1,0,0,0,1,1,20,0,11
"Seyfried, Sheridan",0.006388057,29.45838801,I,734,LA,1,0,0,0,1,1000,1,1,1,0,0,0,1,1,20,0,11
"Garcia, José Maurício Nunes",0.006339629,29.45838801,I,734,LA,1,0,0,0,1,1000,1,1,1,0,0,0,1,1,20,0,11
"Ward, Samuel Augustus (arr. Dragon, Carmen)",0.006339629,29.45838801,I,734,LA,1,0,0,0,1,1000,1,1,1,0,0,0,1,1,20,0,11
"Adams, John Luther",0.006049831,29.45838801,I,734,LA,1,0,0,0,1,1000,1,1,1,0,0,0,1,1,20,0,11
"Hussain, Zakir",0.006049831,29.45838801,I,734,LA,1,0,0,0,1,1000,1,1,1,0,0,0,1,1,20,0,11
"Jandali, Malek",0.006049831,29.45838801,I,734,LA,1,0,0,0,1,1000,1,1,1,0,0,0,1,1,20,0,11
"Gordon, David",0.006049831,29.45838801,I,734,LA,1,0,0,0,1,1000,1,1,1,0,0,0,1,1,20,0,11
"Yarbrough, Stephen",0.006049831,29.45838801,I,734,LA,1,0,0,0,1,1000,1,1,1,0,0,0,1,1,20,0,11
"Hahn, Reynaldo",0.005975386,29.45838801,I,734,LA,1,0,0,0,1,1000,1,1,1,0,0,0,1,1,20,0,11
"Pierne, Gabriel",0.005975386,29.45838801,I,734,LA,1,0,0,0,1,1000,1,1,1,0,0,0,1,1,20,0,11
"Pierné, Gabriel",0.005975386,29.45838801,I,734,LA,1,0,0,0,1,1000,1,1,1,0,0,0,1,1,20,0,11
"Jaquith, Austin",0.005911534,29.45838801,I,734,LA,1,0,0,0,1,1000,1,1,1,0,0,0,1,1,20,0,11
"Stanford, Charles Villiers",0.005911534,29.45838801,I,734,LA,1,0,0,0,1,1000,1,1,1,0,0,0,1,1,20,0,11
"Sung, Stella",0.005911534,29.45838801,I,734,LA,1,0,0,0,1,1000,1,1,1,0,0,0,1,1,20,0,11
"Jolley, Jennifer",0.005911534,29.45838801,I,734,LA,1,0,0,0,1,1000,1,1,1,0,0,0,1,1,20,0,11
"Corelli, Arcangelo",0.005849084,29.45838801,I,734,LA,1,0,0,0,1,1000,1,1,1,0,0,0,1,1,20,0,11
"Monteverdi, Claudio",0.005849084,29.45838801,I,734,LA,1,0,0,0,1,1000,1,1,1,0,0,0,1,1,20,0,11
"Muhammad, Destiny",0.005849084,29.45838801,I,734,LA,1,0,0,0,1,1000,1,1,1,0,0,0,1,1,20,0,11
"Sekon, Josef",0.005849084,29.45838801,I,734,LA,1,0,0,0,1,1000,1,1,1,0,0,0,1,1,20,0,11
"Harbison, John",0.005842331,29.45838801,I,734,LA,1,0,0,0,1,1000,1,1,1,0,0,0,1,1,20,0,11
"Shostakovich, Dmitri (arr. Atovmian, Levon)",0.005842331,29.45838801,I,734,LA,1,0,0,0,1,1000,1,1,1,0,0,0,1,1,20,0,11
"Tabakova, Dobrinka",0.005842331,29.45838801,I,734,LA,1,0,0,0,1,1000,1,1,1,0,0,0,1,1,20,0,11
"Martin, Andres",0.005794359,29.45838801,I,734,LA,1,0,0,0,1,1000,1,1,1,0,0,0,1,1,20,0,11
"Moravec, Paul",0.005794359,29.45838801,I,734,LA,1,0,0,0,1,1000,1,1,1,0,0,0,1,1,20,0,11
"Perla, Jack",0.005794359,29.45838801,I,734,LA,1,0,0,0,1,1000,1,1,1,0,0,0,1,1,20,0,11
"Fuchs, Robert",0.005794359,29.45838801,I,734,LA,1,0,0,0,1,1000,1,1,1,0,0,0,1,1,20,0,11
"Berko, Alex",0.005765186,29.45838801,I,734,LA,1,0,0,0,1,1000,1,1,1,0,0,0,1,1,20,0,11
"Charpentier, Marc-Antoine",0.005765186,29.45838801,I,734,LA,1,0,0,0,1,1000,1,1,1,0,0,0,1,1,20,0,11
"Duff, Arthur",0.005765186,29.45838801,I,734,LA,1,0,0,0,1,1000,1,1,1,0,0,0,1,1,20,0,11
"Frescobaldi, Girolamo",0.005765186,29.45838801,I,734,LA,1,0,0,0,1,1000,1,1,1,0,0,0,1,1,20,0,11
"Harty, Hamilton",0.005765186,29.45838801,I,734,LA,1,0,0,0,1,1000,1,1,1,0,0,0,1,1,20,0,11
"Seóirse, Bodley",0.005765186,29.45838801,I,734,LA,1,0,0,0,1,1000,1,1,1,0,0,0,1,1,20,0,11
"Singer, Tonya Wind",0.005765186,29.45838801,I,734,LA,1,0,0,0,1,1000,1,1,1,0,0,0,1,1,20,0,11
"Wendel, Robert",0.005765186,29.45838801,I,734,LA,1,0,0,0,1,1000,1,1,1,0,0,0,1,1,20,0,11
"Robinson, Ricky",0.005764411,29.45838801,I,734,LA,1,0,0,0,1,1000,1,1,1,0,0,0,1,1,20,0,11
"Jorge, Martin",0.005576373,29.45838801,I,734,LA,1,0,0,0,1,1000,1,1,1,0,0,0,1,1,20,0,11
"Needham, Clint",0.005411124,29.45838801,I,734,LA,1,0,0,0,1,1000,1,1,1,0,0,0,1,1,20,0,11
"Newmaster, Kyle",0.005411124,29.45838801,I,734,LA,1,0,0,0,1,1000,1,1,1,0,0,0,1,1,20,0,11
"Romero, Aldemaro",0.005411124,29.45838801,I,734,LA,1,0,0,0,1,1000,1,1,1,0,0,0,1,1,20,0,11
"Sonnenberg, Jon",0.005411124,29.45838801,I,734,LA,1,0,0,0,1,1000,1,1,1,0,0,0,1,1,20,0,11
"Daniels, Mabel",0.005411124,29.45838801,I,734,LA,1,0,0,0,1,1000,1,1,1,0,0,0,1,1,20,0,11
"Satie, Erik",0.005281984,29.45838801,I,734,LA,1,0,0,0,1,1000,1,1,1,0,0,0,1,1,20,0,11
"Sandresky, Margaret",0.005102996,29.45838801,I,734,LA,1,0,0,0,1,1000,1,1,1,0,0,0,1,1,20,0,11
Zhou Tian,0.004763645,29.45838801,I,734,LA,1,0,0,0,1,1000,1,1,1,0,0,0,1,1,20,0,11
"Adams, Timothy",0.004763645,29.45838801,I,734,LA,1,0,0,0,1,1000,1,1,1,0,0,0,1,1,20,0,11
"Warren, Elinor Remick",0.004763645,29.45838801,I,734,LA,1,0,0,0,1,1000,1,1,1,0,0,0,1,1,20,0,11
"Beal, Jeff",0.004453497,29.45838801,I,734,LA,1,0,0,0,1,1000,1,1,1,0,0,0,1,1,20,0,11
"Bach, J.S. (arr. Sitkovetsky)",0.004413239,29.45838801,I,734,LA,1,0,0,0,1,1000,1,1,1,0,0,0,1,1,20,0,11
"Lecuona, Ernesto",0.004413239,29.45838801,I,734,LA,1,0,0,0,1,1000,1,1,1,0,0,0,1,1,20,0,11
"López-Gavilán, Aldo",0.004413239,29.45838801,I,734,LA,1,0,0,0,1,1000,1,1,1,0,0,0,1,1,20,0,11
"Rosauro, Ney",0.004413239,29.45838801,I,734,LA,1,0,0,0,1,1000,1,1,1,0,0,0,1,1,20,0,11
"Sandoval, Arturo",0.004413239,29.45838801,I,734,LA,1,0,0,0,1,1000,1,1,1,0,0,0,1,1,20,0,11
"Turina, Joaquin",0.004413239,29.45838801,I,734,LA,1,0,0,0,1,1000,1,1,1,0,0,0,1,1,20,0,11
"Beauchamp, Robin",0.004148333,29.45838801,I,734,LA,1,0,0,0,1,1000,1,1,1,0,0,0,1,1,20,0,11
"Swanson, Howard",0.004148333,29.45838801,I,734,LA,1,0,0,0,1,1000,1,1,1,0,0,0,1,1,20,0,11
"Bingham, Jonathan",0.00414397,29.45838801,I,734,LA,1,0,0,0,1,1000,1,1,1,0,0,0,1,1,20,0,11
"Hubbell, Nicholas",0.00414397,29.45838801,I,734,LA,1,0,0,0,1,1000,1,1,1,0,0,0,1,1,20,0,11
"Norris, Marcus",0.00414397,29.45838801,I,734,LA,1,0,0,0,1,1000,1,1,1,0,0,0,1,1,20,0,11
"Etezady, Roshanne",0.00403258,29.45838801,I,734,LA,1,0,0,0,1,1000,1,1,1,0,0,0,1,1,20,0,11
"Braunfels, Walter",0.004001075,29.45838801,I,734,LA,1,0,0,0,1,1000,1,1,1,0,0,0,1,1,20,0,11
"Castelló, Angélica",0.004001075,29.45838801,I,734,LA,1,0,0,0,1,1000,1,1,1,0,0,0,1,1,20,0,11
"Clinton, George. S.",0.003906452,29.45838801,I,734,LA,1,0,0,0,1,1000,1,1,1,0,0,0,1,1,20,0,11
"Isaac, Michelle",0.003096349,29.45838801,I,734,LA,1,0,0,0,1,1000,1,1,1,0,0,0,1,1,20,0,11
"Torke, Michael",0.003096349,29.45838801,I,734,LA,1,0,0,0,1,1000,1,1,1,0,0,0,1,1,20,0,11
"Azmeh, Kinan",0.002994759,29.45838801,I,734,LA,1,0,0,0,1,1000,1,1,1,0,0,0,1,1,20,0,11
"Chagnard, Christophe",0.002994759,29.45838801,I,734,LA,1,0,0,0,1,1000,1,1,1,0,0,0,1,1,20,0,11
"Neiman, Adam",0.002994759,29.45838801,I,734,LA,1,0,0,0,1,1000,1,1,1,0,0,0,1,1,20,0,11
"Richman, Lucas",0.002493817,29.45838801,I,734,LA,1,0,0,0,1,1000,1,1,1,0,0,0,1,1,20,0,11
"Contreras, Juan Pablo",0.002213757,29.45838801,I,734,LA,1,0,0,0,1,1000,1,1,1,0,0,0,1,1,20,0,11
"Adamo, Mark",0.001566039,29.45838801,I,734,LA,1,0,0,0,1,1000,1,1,1,0,0,0,1,1,20,0,11
"Adashi, Judah",0.001566039,29.45838801,I,734,LA,1,0,0,0,1,1000,1,1,1,0,0,0,1,1,20,0,11
"Bermel, Derek",0.001566039,29.45838801,I,734,LA,1,0,0,0,1,1000,1,1,1,0,0,0,1,1,20,0,11
"Cimarosa, Domenico",0.001566039,29.45838801,I,734,LA,1,0,0,0,1,1000,1,1,1,0,0,0,1,1,20,0,11
"Goulet, Maxime",0.001566039,29.45838801,I,734,LA,1,0,0,0,1,1000,1,1,1,0,0,0,1,1,20,0,11
Huang Ruo,0.001566039,29.45838801,I,734,LA,1,0,0,0,1,1000,1,1,1,0,0,0,1,1,20,0,11
"Lee Wong, Cynthia",0.001566039,29.45838801,I,734,LA,1,0,0,0,1,1000,1,1,1,0,0,0,1,1,20,0,11
"Maroney, Marcus",0.001566039,29.45838801,I,734,LA,1,0,0,0,1,1000,1,1,1,0,0,0,1,1,20,0,11
"Peters, Jonathan",0.001566039,29.45838801,I,734,LA,1,0,0,0,1,1000,1,1,1,0,0,0,1,1,20,0,11
"Primiani, Leanna",0.001566039,29.45838801,I,734,LA,1,0,0,0,1,1000,1,1,1,0,0,0,1,1,20,0,11
"Purrington, Hilary",0.001566039,29.45838801,I,734,LA,1,0,0,0,1,1000,1,1,1,0,0,0,1,1,20,0,11